car_salikgates_id,trip_id,car_salikgates,household_id
0,471,5,3940
1,479,2,3940
2,479,4,3940
3,479,6,3940
4,808,2,4008
5,808,6,4008
6,867,2,4605
7,867,6,4605
8,868,2,4605
9,868,6,4605
10,890,1,4550
11,890,4,4550
12,906,1,3583
13,981,3,3671
14,982,3,3671
15,1085,2,4905
16,1085,6,4905
17,1086,2,4905
18,1086,6,4905
19,1089,2,4905
20,1089,6,4905
21,1147,6,5060
22,1148,6,5060
23,1153,6,5060
24,1154,6,5060
25,1467,6,4342
26,1468,5,4342
27,1468,6,4342
28,1473,2,4343
29,1473,6,4343
30,1474,2,4343
31,1474,6,4343
32,1549,2,4443
33,1549,4,4443
34,1549,6,4443
35,1550,2,4443
36,1550,4,4443
37,1550,6,4443
38,1588,1,3539
39,1589,1,3539
40,1759,2,2075
41,1759,6,2075
42,1760,2,2075
43,1760,6,2075
44,1766,2,2075
45,1766,6,2075
46,1767,2,2075
47,1767,6,2075
48,1847,2,5366
49,1847,6,5366
50,1848,2,5366
51,1848,6,5366
52,1851,2,5366
53,1851,6,5366
54,1852,2,5366
55,1852,6,5366
56,1853,2,5366
57,1853,6,5366
58,1854,2,5366
59,1854,6,5366
60,1857,2,5366
61,1857,6,5366
62,1858,2,5366
63,1858,6,5366
64,1861,2,5366
65,1861,6,5366
66,1862,2,5366
67,1862,6,5366
68,2121,6,4015
69,2123,2,4016
70,2123,6,4016
71,2224,5,4336
72,2226,5,4336
73,2227,5,4336
74,2237,5,4339
75,2248,1,4433
76,2248,2,4433
77,2248,3,4433
78,2248,6,4433
79,2264,4,4434
80,2264,5,4434
81,2265,1,4434
82,2278,4,4435
83,2284,3,4436
84,2284,6,4436
85,2285,6,4436
86,2292,1,4237
87,2293,1,4237
88,2293,2,4237
89,2293,3,4237
90,2293,6,4237
91,2294,2,4237
92,2294,6,4237
93,2361,2,4753
94,2361,6,4753
95,2362,2,4753
96,2362,6,4753
97,2363,2,4753
98,2363,6,4753
99,2365,2,4753
100,2365,6,4753
101,2468,2,5037
102,2468,3,5037
103,2468,6,5037
104,2469,2,5037
105,2469,3,5037
106,2469,6,5037
107,2477,2,5037
108,2477,3,5037
109,2477,6,5037
110,2479,3,5037
111,2479,6,5037
112,2490,2,5037
113,2490,6,5037
114,2551,2,5188
115,2551,6,5188
116,2552,2,5188
117,2552,6,5188
118,2555,2,5188
119,2555,6,5188
120,2556,2,5188
121,2556,6,5188
122,2557,2,5188
123,2557,6,5188
124,2558,2,5188
125,2558,6,5188
126,2559,2,5188
127,2559,6,5188
128,2560,2,5188
129,2560,6,5188
130,2667,4,5283
131,2668,4,5283
132,2811,4,4177
133,2811,6,4177
134,2812,5,4177
135,2812,6,4177
136,2819,5,4177
137,2819,6,4177
138,2820,4,4177
139,2820,6,4177
140,2821,4,4177
141,2821,6,4177
142,2823,6,4177
143,2825,4,4177
144,2825,6,4177
145,2826,4,4177
146,2826,6,4177
147,3296,4,3837
148,3297,4,3837
149,3312,3,4274
150,3312,4,4274
151,3320,2,4277
152,3320,6,4277
153,3321,2,4277
154,3321,6,4277
155,3328,2,4345
156,3328,6,4345
157,3329,2,4345
158,3329,6,4345
159,3338,3,4347
160,3338,5,4347
161,3339,3,4347
162,3339,5,4347
163,3358,2,4418
164,3358,6,4418
165,3359,2,4418
166,3359,6,4418
167,3360,2,4418
168,3360,6,4418
169,3361,2,4418
170,3361,6,4418
171,3386,1,4533
172,3387,1,4533
173,3389,1,4533
174,3390,1,4534
175,3391,1,4534
176,3392,6,4535
177,3393,6,4535
178,3402,1,4537
179,3403,1,4537
180,3418,2,3528
181,3418,6,3528
182,3419,2,3528
183,3419,6,3528
184,3428,5,3531
185,3429,5,3531
186,3442,1,3534
187,3443,1,4613
188,3445,2,4613
189,3445,6,4613
190,3454,1,4614
191,3455,6,4614
192,3456,1,4614
193,3467,2,4617
194,3467,6,4617
195,3859,5,4324
196,4025,1,4606
197,4373,6,5237
198,4746,4,3872
199,4746,6,3872
200,4747,4,3872
201,4747,6,3872
202,4969,2,5207
203,4969,6,5207
204,4970,2,5207
205,4970,6,5207
206,4976,3,5208
207,5268,2,4999
208,5268,4,4999
209,5268,6,4999
210,5269,2,4999
211,5269,6,4999
212,5274,2,5001
213,5274,6,5001
214,5276,2,5001
215,5276,6,5001
216,5568,4,3873
217,5568,6,3873
218,5569,4,3873
219,5571,4,3873
220,5576,2,3876
221,5576,4,3876
222,5576,6,3876
223,5577,2,3876
224,5577,4,3876
225,5577,6,3876
226,5578,1,3876
227,5579,1,3876
228,5590,2,3878
229,5590,4,3878
230,5590,6,3878
231,5591,2,3878
232,5591,4,3878
233,5591,6,3878
234,5592,2,3879
235,5592,4,3879
236,5592,6,3879
237,5593,2,3879
238,5593,4,3879
239,5593,6,3879
240,5598,2,3880
241,5598,4,3880
242,5598,6,3880
243,5599,2,3880
244,5599,4,3880
245,5599,6,3880
246,5604,4,3883
247,5604,6,3883
248,5605,4,3883
249,5605,6,3883
250,5606,4,3883
251,5607,4,3883
252,5610,4,3884
253,5611,4,3884
254,5808,3,3717
255,5808,6,3717
256,5809,3,3717
257,5809,6,3717
258,5816,3,3718
259,5816,6,3718
260,5817,3,3718
261,5817,6,3718
262,5980,3,5273
263,6027,2,5351
264,6027,3,5351
265,6027,6,5351
266,6121,4,4681
267,6122,4,4681
268,6124,4,4681
269,6153,2,4525
270,6351,2,5009
271,6351,6,5009
272,6352,2,5009
273,6352,6,5009
274,6823,1,3569
275,6829,3,3570
276,6830,3,3570
277,6863,3,4246
278,6863,6,4246
279,6864,3,4246
280,6864,6,4246
281,6884,4,4761
282,6886,4,4761
283,6921,2,4887
284,6921,4,4887
285,6921,6,4887
286,6942,6,4892
287,6946,2,4892
288,6946,6,4892
289,6959,2,4986
290,6959,6,4986
291,6998,3,5050
292,7046,6,4458
293,7060,6,4458
294,7143,2,3559
295,7221,2,3744
296,7221,6,3744
297,7222,2,3744
298,7222,6,3744
299,7249,2,3750
300,7249,6,3750
301,7324,4,4625
302,7325,6,4625
303,7386,4,5268
304,7387,4,5268
305,7388,4,5268
306,7389,4,5268
307,7623,2,3754
308,7623,6,3754
309,7624,2,3754
310,7624,6,3754
311,7641,2,3756
312,7641,6,3756
313,7642,2,3756
314,7642,6,3756
315,7757,1,4587
316,7758,1,4587
317,7759,1,4587
318,7760,1,4587
319,7929,6,4833
320,7930,6,4833
321,7931,6,4832
322,7932,6,4832
323,7947,6,4835
324,7948,6,4835
325,8016,3,4596
326,8259,3,5220
327,8458,2,4691
328,8458,6,4691
329,8459,2,4691
330,8459,6,4691
331,8539,1,4328
332,8540,1,4328
333,8543,1,4328
334,8547,1,4328
335,8548,1,4328
336,8616,1,4426
337,8678,4,4517
338,8678,5,4517
339,9307,3,4469
340,9309,3,4469
341,9330,1,3604
342,9434,2,5006
343,9434,6,5006
344,9437,2,5006
345,9437,6,5006
346,9445,6,5007
347,10047,1,4378
348,10313,6,4389
349,10314,6,4389
350,10319,3,4390
351,10320,3,4390
352,10323,2,4391
353,10323,3,4391
354,10324,3,4391
355,10324,6,4391
356,10349,6,3704
357,10366,6,3708
358,10458,1,4581
359,10459,1,4581
360,10540,2,4884
361,11087,4,4823
362,11087,6,4823
363,11088,4,4823
364,11088,6,4823
365,11336,2,5230
366,11690,6,4814
367,11691,6,4814
368,11748,2,5125
369,11748,6,5125
370,11749,2,5125
371,11749,6,5125
372,11772,2,5129
373,11772,6,5129
374,11773,2,5129
375,11773,6,5129
376,11878,6,5227
377,11879,6,5227
378,12121,2,5441
379,12122,2,5441
380,12125,2,5441
381,12126,2,5441
382,12266,2,5539
383,12296,3,4775
384,12325,2,4780
385,12328,2,4780
386,12329,4,4780
387,12330,4,4780
388,12348,2,4783
389,12348,6,4783
390,12349,2,4783
391,12349,6,4783
392,12354,2,4895
393,12354,6,4895
394,12355,2,4895
395,12355,6,4895
396,12358,2,4896
397,12358,6,4896
398,12359,2,4896
399,12359,6,4896
400,12360,2,4896
401,12360,6,4896
402,12361,2,4896
403,12361,6,4896
404,12374,2,4898
405,12374,6,4898
406,12375,2,4898
407,12375,6,4898
408,12376,2,4898
409,12376,6,4898
410,12377,2,4898
411,12377,6,4898
412,12378,2,4898
413,12378,6,4898
414,12379,2,4898
415,12379,6,4898
416,12382,2,4899
417,12382,6,4899
418,12383,2,4899
419,12383,6,4899
420,12486,3,5321
421,12487,3,5321
422,12542,2,5467
423,12542,6,5467
424,12543,2,5467
425,12543,6,5467
426,12545,4,5468
427,12546,2,5468
428,12546,6,5468
429,12547,2,5468
430,12547,6,5468
431,12606,2,5524
432,12606,6,5524
433,12647,2,4940
434,12647,6,4940
435,12648,2,4940
436,12648,6,4940
437,12703,2,5246
438,12703,6,5246
439,12842,2,1078
440,12843,2,1078
441,12843,6,1078
442,12852,6,1815
443,12853,6,1815
444,12856,3,1815
445,12857,3,1815
446,12858,3,1815
447,12859,3,1815
448,12860,3,1815
449,12861,3,1815
450,12862,3,1815
451,12863,3,1815
452,12893,2,1003
453,12901,2,1004
454,12966,6,1463
455,12967,6,1463
456,12976,2,1642
457,12976,3,1642
458,12976,6,1642
459,12977,2,1642
460,12977,3,1642
461,12977,6,1642
462,12979,2,1643
463,12980,2,1643
464,12985,2,1644
465,12985,3,1644
466,12985,6,1644
467,12986,2,1644
468,12986,3,1644
469,12986,6,1644
470,12987,2,1644
471,12987,3,1644
472,12987,6,1644
473,12988,2,1644
474,12988,3,1644
475,12988,6,1644
476,13026,2,1973
477,13026,6,1973
478,13162,2,1141
479,13162,6,1141
480,13163,2,1141
481,13163,6,1141
482,13164,2,1141
483,13164,6,1141
484,13165,2,1141
485,13165,6,1141
486,13170,2,1141
487,13170,6,1141
488,13171,2,1141
489,13171,6,1141
490,13172,2,1141
491,13172,6,1141
492,13173,2,1141
493,13173,6,1141
494,13174,2,1141
495,13174,6,1141
496,13175,2,1141
497,13175,6,1141
498,13184,3,1207
499,13185,3,1207
500,13190,6,1255
501,13191,6,1255
502,13199,1,1501
503,13199,6,1501
504,13201,2,1501
505,13201,6,1501
506,13202,2,1501
507,13202,6,1501
508,13203,2,1501
509,13203,6,1501
510,13204,2,1501
511,13204,6,1501
512,13205,6,1502
513,13209,6,1502
514,13211,6,1502
515,13212,6,1502
516,13213,6,1502
517,13218,4,1504
518,13219,4,1504
519,13230,6,1565
520,13231,6,1565
521,13242,2,1567
522,13242,6,1567
523,13243,2,1567
524,13243,6,1567
525,13254,2,1568
526,13254,6,1568
527,13255,2,1568
528,13255,6,1568
529,13256,1,1564
530,13256,3,1564
531,13257,1,1564
532,13257,3,1564
533,13260,2,1624
534,13260,6,1624
535,13268,2,1626
536,13273,2,1685
537,13281,2,1685
538,13282,2,1685
539,13303,2,1787
540,13303,3,1787
541,13303,6,1787
542,13306,3,1787
543,13311,3,1787
544,13315,3,1787
545,13319,3,1787
546,13323,3,1787
547,13326,3,1788
548,13327,3,1788
549,13328,2,1788
550,13328,3,1788
551,13328,6,1788
552,13329,2,1788
553,13329,3,1788
554,13329,6,1788
555,13332,2,1788
556,13332,3,1788
557,13332,6,1788
558,13341,2,1789
559,13341,3,1789
560,13341,6,1789
561,13356,1,1790
562,13369,3,1790
563,13376,1,1790
564,13380,1,1790
565,13384,3,1791
566,13387,1,1791
567,13389,1,1791
568,13403,1,1791
569,13404,1,1791
570,13417,2,1865
571,13417,6,1865
572,13418,2,1865
573,13418,6,1865
574,13425,2,1867
575,13425,6,1867
576,13426,2,1867
577,13426,6,1867
578,13428,2,1867
579,13428,6,1867
580,13429,2,1867
581,13429,6,1867
582,13435,2,1868
583,13435,6,1868
584,13436,2,1868
585,13436,6,1868
586,13483,2,1009
587,13483,6,1009
588,13484,2,1009
589,13484,6,1009
590,13485,2,1009
591,13627,2,1417
592,13627,6,1417
593,13629,2,1418
594,13629,3,1418
595,13629,6,1418
596,13630,2,1418
597,13630,3,1418
598,13630,5,1418
599,13630,6,1418
600,13638,2,1422
601,13638,6,1422
602,13639,2,1422
603,13639,6,1422
604,13640,2,1422
605,13640,6,1422
606,13641,2,1422
607,13641,6,1422
608,13642,2,1422
609,13642,6,1422
610,13643,2,1422
611,13643,6,1422
612,13644,2,1422
613,13644,6,1422
614,13645,2,1422
615,13645,6,1422
616,13660,3,1028
617,13660,6,1028
618,13661,3,1028
619,13661,6,1028
620,13685,3,1031
621,13685,6,1031
622,13686,3,1031
623,13686,6,1031
624,13687,3,1031
625,13687,6,1031
626,13688,3,1031
627,13688,6,1031
628,13714,2,1094
629,13714,6,1094
630,13715,2,1094
631,13715,6,1094
632,13718,2,1095
633,13718,6,1095
634,13719,2,1095
635,13719,6,1095
636,13740,2,1098
637,13740,6,1098
638,13741,2,1098
639,13741,6,1098
640,13750,6,1099
641,13751,6,1099
642,13752,3,1099
643,13752,5,1099
644,13753,5,1099
645,13754,5,1099
646,13755,5,1099
647,13765,4,1099
648,13765,5,1099
649,13766,4,1099
650,13766,5,1099
651,13767,2,1100
652,13767,6,1100
653,13771,6,1100
654,13777,2,1101
655,13777,6,1101
656,13778,2,1101
657,13778,6,1101
658,13779,4,1101
659,13780,4,1101
660,13781,2,1102
661,13781,6,1102
662,13782,2,1102
663,13782,6,1102
664,13789,6,1103
665,13790,6,1103
666,13791,4,1103
667,13793,5,1103
668,13794,5,1103
669,13806,3,1105
670,13812,2,1105
671,13812,6,1105
672,13813,2,1105
673,13813,6,1105
674,13823,3,1106
675,13824,3,1106
676,13825,2,1189
677,13826,2,1189
678,13826,6,1189
679,13827,2,1189
680,13827,6,1189
681,13839,2,1190
682,13840,2,1190
683,13853,6,1191
684,13854,6,1191
685,13857,6,1191
686,13863,2,1192
687,13863,3,1192
688,13863,6,1192
689,13864,3,1192
690,13864,6,1192
691,13865,6,1192
692,13866,3,1192
693,13866,6,1192
694,13887,2,1474
695,13888,2,1474
696,13889,2,1474
697,13892,2,1474
698,13893,6,1474
699,13896,2,8120
700,13897,2,8120
701,14042,2,1408
702,14042,6,1408
703,14044,2,1408
704,14044,6,1408
705,14048,2,1409
706,14050,6,1409
707,14051,2,1409
708,14052,2,1409
709,14052,6,1409
710,14072,3,1412
711,14072,6,1412
712,14073,2,1412
713,14073,3,1412
714,14073,6,1412
715,14105,6,1040
716,14106,6,1040
717,14107,6,1040
718,14108,6,1040
719,14115,6,1041
720,14116,6,1041
721,14117,6,1041
722,14118,6,1041
723,14140,6,1109
724,14159,2,1204
725,14166,2,1263
726,14167,2,1263
727,14182,2,1237
728,14183,2,1237
729,14188,3,1239
730,14188,6,1239
731,14189,3,1239
732,14189,6,1239
733,14190,3,1239
734,14190,6,1239
735,14191,3,1239
736,14191,6,1239
737,14206,2,1240
738,14207,2,1240
739,14212,6,1241
740,14213,6,1241
741,14214,6,1241
742,14217,6,1241
743,14218,6,1241
744,14221,2,8129
745,14222,2,8129
746,14222,3,8129
747,14222,5,8129
748,14222,6,8129
749,14290,2,1424
750,14290,6,1424
751,14291,2,1424
752,14291,6,1424
753,14304,2,1425
754,14304,6,1425
755,14309,2,1425
756,14309,6,1425
757,14310,2,1425
758,14310,6,1425
759,14311,2,1426
760,14311,6,1426
761,14314,2,1426
762,14314,6,1426
763,14321,2,1044
764,14321,6,1044
765,14322,2,1044
766,14322,6,1044
767,14355,3,1194
768,14356,3,1194
769,14357,3,1194
770,14358,3,1194
771,14379,2,1459
772,14380,2,1459
773,14381,2,1459
774,14382,2,1460
775,14383,2,1460
776,14397,2,1462
777,14397,6,1462
778,14398,2,1462
779,14398,6,1462
780,14399,2,1462
781,14399,6,1462
782,14401,2,1462
783,14401,6,1462
784,14402,2,1462
785,14402,6,1462
786,14403,2,1462
787,14403,6,1462
788,14517,2,1404
789,14517,6,1404
790,14536,2,1405
791,14536,6,1405
792,14538,2,1405
793,14538,6,1405
794,14541,2,1405
795,14541,6,1405
796,14543,2,1405
797,14543,6,1405
798,14546,2,1405
799,14547,2,1405
800,14548,2,1407
801,14549,6,1407
802,14550,3,1407
803,14552,2,1407
804,14560,2,1042
805,14560,6,1042
806,14561,2,1042
807,14561,6,1042
808,14590,6,1113
809,14591,6,1113
810,14592,2,1114
811,14592,6,1114
812,14622,2,1154
813,14622,6,1154
814,14627,2,1154
815,14627,6,1154
816,14628,2,1154
817,14628,6,1154
818,14629,2,1154
819,14629,6,1154
820,14654,3,1511
821,14655,3,1511
822,14658,3,1512
823,14659,3,1512
824,14672,6,1514
825,14673,6,1514
826,14678,6,1577
827,14679,6,1577
828,14680,6,1577
829,14729,2,1581
830,14758,2,1634
831,14758,6,1634
832,14763,2,1635
833,14763,6,1635
834,14764,2,1635
835,14764,6,1635
836,14775,2,1687
837,14776,2,1687
838,14786,2,1688
839,14786,4,1688
840,14786,6,1688
841,14793,2,1688
842,14793,6,1688
843,14794,2,1688
844,14794,6,1688
845,14798,2,1688
846,14798,5,1688
847,14798,6,1688
848,14814,2,1689
849,14815,2,1689
850,14827,1,1691
851,14828,1,1691
852,14834,2,1752
853,14835,2,1752
854,14848,2,1827
855,14848,6,1827
856,14866,4,1829
857,14890,2,1893
858,14890,6,1893
859,14891,2,1893
860,14891,6,1893
861,15047,2,1146
862,15048,2,1146
863,15048,6,1146
864,15093,6,1229
865,15094,3,1229
866,15094,6,1229
867,15097,6,1229
868,15121,2,1604
869,15121,6,1604
870,15122,2,1604
871,15122,6,1604
872,15127,2,1605
873,15127,6,1605
874,15128,2,1605
875,15128,6,1605
876,15197,6,1800
877,15198,6,1800
878,15200,6,1800
879,15202,3,1800
880,15203,6,1800
881,15244,2,1920
882,15244,6,1920
883,15249,3,1983
884,15249,5,1983
885,15250,3,1983
886,15250,5,1983
887,15257,6,1984
888,15274,3,8131
889,15274,6,8131
890,15275,3,8131
891,15275,6,8131
892,15358,2,1061
893,15359,2,1061
894,15360,6,1061
895,15361,6,1061
896,15364,3,1061
897,15364,6,1061
898,15365,3,1061
899,15365,6,1061
900,15424,2,1200
901,15428,2,1200
902,15433,3,1201
903,15433,6,1201
904,15434,2,1201
905,15434,3,1201
906,15434,6,1201
907,15435,2,1201
908,15441,2,1203
909,15442,2,1203
910,15450,2,1231
911,15457,2,1232
912,15458,2,1232
913,15477,2,1465
914,15478,6,1465
915,15484,2,1466
916,15485,2,1466
917,15500,2,1467
918,15502,3,1467
919,15502,6,1467
920,15503,3,1467
921,15503,6,1467
922,15509,2,1468
923,15519,3,1519
924,15520,3,1519
925,15539,3,1522
926,15539,5,1522
927,15540,6,1522
928,15541,6,1522
929,15567,2,1587
930,15567,6,1587
931,15568,2,1587
932,15568,6,1587
933,15569,2,1587
934,15569,6,1587
935,15570,2,1587
936,15570,6,1587
937,15575,2,1588
938,15575,6,1588
939,15576,2,1588
940,15576,6,1588
941,15579,2,1589
942,15579,6,1589
943,15580,2,1589
944,15580,6,1589
945,15581,2,1589
946,15581,6,1589
947,15582,2,1589
948,15582,6,1589
949,15583,3,1590
950,15583,5,1590
951,15591,3,1591
952,15591,5,1591
953,15595,2,1591
954,15595,6,1591
955,15609,2,1593
956,15609,6,1593
957,15610,2,1593
958,15610,6,1593
959,15624,6,1646
960,15625,2,1646
961,15625,6,1646
962,15629,2,1646
963,15629,6,1646
964,15652,2,1651
965,15652,6,1651
966,15655,2,1651
967,15655,6,1651
968,15656,2,1651
969,15656,6,1651
970,15657,2,1651
971,15657,6,1651
972,15658,2,1651
973,15658,6,1651
974,15659,2,1651
975,15659,6,1651
976,15660,2,1651
977,15660,6,1651
978,15661,2,1651
979,15661,6,1651
980,15662,2,1651
981,15662,6,1651
982,15663,2,1737
983,15681,6,1739
984,15684,2,1739
985,15687,2,1739
986,15688,2,1739
987,15692,6,1740
988,15693,2,1740
989,15696,2,1740
990,15705,3,1741
991,15707,3,1741
992,15707,6,1741
993,15709,2,1741
994,15712,3,1741
995,15734,1,1836
996,15735,1,1836
997,15744,2,1837
998,15744,6,1837
999,15745,2,1837
1000,15745,6,1837
1001,15927,2,1384
1002,15927,3,1384
1003,15927,6,1384
1004,15935,6,1015
1005,15936,6,1015
1006,15969,6,1443
1007,15970,6,1443
1008,15972,2,1443
1009,15974,2,1443
1010,15975,2,1443
1011,15976,2,1443
1012,15977,2,1443
1013,15978,2,1443
1014,15983,2,1489
1015,15983,6,1489
1016,16102,6,1433
1017,16105,2,1433
1018,16106,2,1433
1019,16168,6,1181
1020,16363,6,1021
1021,16403,2,1208
1022,16404,2,1208
1023,16405,6,1208
1024,16406,6,1208
1025,16407,2,1208
1026,16413,2,1208
1027,16414,2,1208
1028,16579,2,1378
1029,16580,6,1012
1030,16581,6,1012
1031,16582,2,1012
1032,16582,3,1012
1033,16583,3,1012
1034,16583,6,1012
1035,16584,6,1012
1036,16585,6,1012
1037,16588,1,1012
1038,16588,6,1012
1039,16589,1,1012
1040,16589,6,1012
1041,16594,6,1012
1042,16595,6,1012
1043,16596,6,1013
1044,16597,6,1013
1045,16606,2,1062
1046,16607,2,1062
1047,16640,6,1165
1048,16641,3,1165
1049,16642,3,1165
1050,16644,2,1165
1051,16644,6,1165
1052,16645,2,1165
1053,16646,6,1165
1054,16650,2,1165
1055,16650,6,1165
1056,16651,2,1165
1057,16651,6,1165
1058,16652,2,1166
1059,16653,2,1166
1060,16666,2,1168
1061,16667,2,1168
1062,16674,3,1168
1063,16675,3,1168
1064,16676,2,1439
1065,16677,2,1439
1066,16678,2,1439
1067,16680,3,1440
1068,16681,3,1440
1069,16682,2,1440
1070,16683,2,1440
1071,16686,3,1441
1072,16688,6,1441
1073,16689,6,1441
1074,16690,6,1441
1075,16693,6,1441
1076,16694,3,1441
1077,16694,6,1441
1078,16695,6,1441
1079,16696,6,1441
1080,16697,6,1441
1081,16704,6,1249
1082,16727,2,1486
1083,16727,3,1486
1084,16728,2,1486
1085,16728,3,1486
1086,16729,3,1486
1087,16730,2,1486
1088,16730,3,1486
1089,16730,6,1486
1090,16735,3,1487
1091,16736,2,1487
1092,16736,3,1487
1093,16736,6,1487
1094,16755,2,1553
1095,16755,6,1553
1096,16756,2,1553
1097,16756,6,1553
1098,16757,2,1553
1099,16757,6,1553
1100,16758,6,1553
1101,16793,2,1673
1102,16793,4,1673
1103,16802,6,1709
1104,16842,6,1811
1105,16846,3,1811
1106,16847,3,1811
1107,16848,2,1811
1108,16850,6,1811
1109,16852,2,1811
1110,16852,6,1811
1111,16857,2,1811
1112,16877,3,1761
1113,16880,3,1761
1114,16881,3,1761
1115,16882,3,1761
1116,16883,4,1761
1117,16884,4,1761
1118,16885,6,1933
1119,16886,6,1933
1120,17021,2,1386
1121,17026,2,1386
1122,17026,6,1386
1123,17031,2,1387
1124,17032,2,1387
1125,17033,6,1387
1126,17034,2,1387
1127,17034,6,1387
1128,17035,2,1387
1129,17036,2,1387
1130,17046,2,1018
1131,17047,2,1018
1132,17054,2,1071
1133,17055,6,1071
1134,17075,2,1074
1135,17075,6,1074
1136,17080,3,1169
1137,17080,6,1169
1138,17081,3,1169
1139,17081,6,1169
1140,17088,2,1170
1141,17089,2,1170
1142,17090,6,1170
1143,17091,6,1170
1144,17092,2,1170
1145,17093,2,1170
1146,17100,1,1448
1147,17101,1,1448
1148,17116,2,1450
1149,17117,2,1450
1150,17119,1,1252
1151,17120,1,1252
1152,17127,6,1253
1153,17128,6,1253
1154,17141,2,1493
1155,17143,2,1493
1156,17144,2,1494
1157,17144,6,1494
1158,17145,2,1494
1159,17145,6,1494
1160,17153,2,1496
1161,17155,2,1496
1162,17159,2,1497
1163,17159,6,1497
1164,17161,2,1497
1165,17161,6,1497
1166,17170,2,1499
1167,17171,2,1499
1168,17174,2,1499
1169,17175,2,1499
1170,17178,2,1499
1171,17179,2,1499
1172,17182,1,1500
1173,17182,2,1500
1174,17182,6,1500
1175,17183,1,1500
1176,17183,2,1500
1177,17183,6,1500
1178,17184,6,1560
1179,17185,6,1560
1180,17313,2,1046
1181,17315,2,1046
1182,17315,6,1046
1183,17316,2,1046
1184,17316,6,1046
1185,17340,2,1049
1186,17340,6,1049
1187,17353,3,1130
1188,17354,3,1130
1189,17373,2,1161
1190,17373,6,1161
1191,17374,2,1161
1192,17374,6,1161
1193,17387,6,1162
1194,17388,6,1162
1195,17390,2,1163
1196,17391,6,1163
1197,17402,6,1164
1198,17405,1,1164
1199,17406,1,1164
1200,17406,6,1164
1201,17423,2,1218
1202,17424,2,1218
1203,17431,2,1452
1204,17488,2,1399
1205,17492,2,1401
1206,17493,2,1401
1207,17495,2,1401
1208,17495,6,1401
1209,17496,2,1401
1210,17496,6,1401
1211,17507,2,1051
1212,17507,3,1051
1213,17507,4,1051
1214,17507,6,1051
1215,17508,2,1051
1216,17508,3,1051
1217,17508,4,1051
1218,17508,6,1051
1219,17528,3,1054
1220,17528,6,1054
1221,17529,3,1054
1222,17529,6,1054
1223,17530,3,1054
1224,17530,6,1054
1225,17531,3,1054
1226,17531,6,1054
1227,17534,4,1055
1228,17534,6,1055
1229,17540,4,1131
1230,17541,4,1131
1231,17552,3,1135
1232,17553,3,1135
1233,17567,6,1223
1234,17569,6,1223
1235,17571,2,1223
1236,17573,2,1223
1237,17582,6,1224
1238,17583,6,1224
1239,17600,6,1455
1240,17601,6,1455
1241,17602,6,1456
1242,17603,6,1456
1243,17653,2,1020
1244,17669,1,1175
1245,17669,6,1175
1246,17670,1,1175
1247,17670,6,1175
1248,17687,2,1518
1249,17688,2,1518
1250,17691,2,1518
1251,17703,2,1583
1252,17703,6,1583
1253,17704,2,1583
1254,17704,6,1583
1255,17705,2,1583
1256,17705,6,1583
1257,17706,2,1583
1258,17706,6,1583
1259,17715,6,1586
1260,17716,6,1586
1261,17719,2,1637
1262,17719,6,1637
1263,17728,2,1639
1264,17728,6,1639
1265,17734,2,1693
1266,17734,6,1693
1267,17761,2,1898
1268,17765,2,1898
1269,17766,2,1898
1270,17767,2,1898
1271,17768,2,1898
1272,17799,2,2113
1273,17800,1,2113
1274,17802,2,2113
1275,17814,2,2182
1276,17818,3,2245
1277,17818,6,2245
1278,17819,3,2245
1279,17819,6,2245
1280,17820,6,2245
1281,17821,6,2245
1282,17822,2,2245
1283,17823,2,2245
1284,17826,2,2247
1285,17829,2,2247
1286,17830,6,2247
1287,17831,6,2247
1288,17834,2,2294
1289,17835,2,2294
1290,17913,2,1851
1291,17913,6,1851
1292,17914,2,1851
1293,17914,6,1851
1294,17923,2,1852
1295,17923,6,1852
1296,17924,2,1852
1297,17924,6,1852
1298,17931,2,1853
1299,17931,6,1853
1300,17932,2,1853
1301,17932,6,1853
1302,17933,2,1853
1303,17933,6,1853
1304,17934,2,1853
1305,17934,6,1853
1306,17990,2,1391
1307,17990,6,1391
1308,17991,2,1391
1309,17991,6,1391
1310,17994,2,1391
1311,17994,6,1391
1312,17995,2,1391
1313,17995,6,1391
1314,18025,2,1216
1315,18025,6,1216
1316,18026,2,1216
1317,18026,6,1216
1318,18049,2,1246
1319,18049,4,1246
1320,18050,2,1246
1321,18050,4,1246
1322,18059,6,1247
1323,18060,2,1247
1324,18060,6,1247
1325,18064,2,1248
1326,18065,2,1248
1327,18065,3,1248
1328,18065,6,1248
1329,18067,2,1248
1330,18067,6,1248
1331,18093,2,1545
1332,18093,6,1545
1333,18094,2,1545
1334,18094,6,1545
1335,18111,2,1547
1336,18111,6,1547
1337,18112,2,1547
1338,18112,6,1547
1339,18117,2,1547
1340,18117,6,1547
1341,18118,2,1547
1342,18118,6,1547
1343,18141,2,1615
1344,18141,6,1615
1345,18142,2,1615
1346,18142,6,1615
1347,18147,4,1677
1348,18147,6,1677
1349,18148,6,1677
1350,18178,2,1679
1351,18179,2,1679
1352,18206,2,1750
1353,18207,2,1750
1354,18210,2,1750
1355,18211,2,1750
1356,18228,3,1756
1357,18229,3,1756
1358,18240,2,1757
1359,18240,6,1757
1360,18241,2,1757
1361,18241,6,1757
1362,18242,6,1757
1363,18243,6,1757
1364,18252,2,1887
1365,18252,6,1887
1366,18253,2,1887
1367,18253,6,1887
1368,18265,2,1888
1369,18265,6,1888
1370,18268,2,1888
1371,18268,6,1888
1372,18271,2,1888
1373,18271,6,1888
1374,18272,2,1889
1375,18272,6,1889
1376,18274,6,1889
1377,18275,6,1889
1378,18292,2,1890
1379,18292,6,1890
1380,18293,2,1890
1381,18293,6,1890
1382,18304,2,1970
1383,18304,6,1970
1384,18305,2,1970
1385,18305,6,1970
1386,18328,2,2032
1387,18328,4,2032
1388,18328,6,2032
1389,18329,2,2032
1390,18329,3,2032
1391,18329,6,2032
1392,18342,2,2033
1393,18343,2,2033
1394,18371,2,1010
1395,18371,6,1010
1396,18380,2,8297
1397,18380,6,8297
1398,18423,2,1431
1399,18423,6,1431
1400,18427,2,1431
1401,18427,6,1431
1402,18428,1,1431
1403,18428,6,1431
1404,18435,3,1437
1405,18435,6,1437
1406,18436,3,1437
1407,18436,6,1437
1408,18437,3,1437
1409,18437,6,1437
1410,18438,3,1437
1411,18438,5,1437
1412,18439,2,1438
1413,18440,2,1438
1414,18441,2,1438
1415,18442,2,1438
1416,18443,2,1438
1417,18444,2,1438
1418,18445,2,1438
1419,18446,2,1438
1420,18449,2,1233
1421,18450,2,1233
1422,18459,2,1234
1423,18460,3,1234
1424,18460,6,1234
1425,18461,3,1234
1426,18461,6,1234
1427,18462,2,1234
1428,18463,2,1234
1429,18464,2,1234
1430,18465,2,1234
1431,18466,2,1234
1432,18467,2,1234
1433,18468,2,1234
1434,18543,1,2020
1435,18545,1,2020
1436,18546,1,2020
1437,18547,1,2020
1438,18548,1,2020
1439,18555,1,2095
1440,18579,6,2160
1441,18582,2,2161
1442,18582,6,2161
1443,18592,2,2162
1444,18592,6,2162
1445,18593,2,2162
1446,18593,6,2162
1447,18596,2,2163
1448,18596,6,2163
1449,18597,2,2163
1450,18597,6,2163
1451,18602,2,2216
1452,18612,2,2217
1453,18613,2,2217
1454,18615,6,2217
1455,18617,6,2217
1456,18669,6,2410
1457,18670,6,2410
1458,18691,2,1477
1459,18695,2,1528
1460,18703,2,1530
1461,18703,6,1530
1462,18704,2,1530
1463,18704,6,1530
1464,18731,2,1607
1465,18731,6,1607
1466,18732,2,1607
1467,18732,6,1607
1468,18761,2,1666
1469,18761,6,1666
1470,18762,2,1666
1471,18762,6,1666
1472,18769,2,1669
1473,18769,6,1669
1474,18771,2,1669
1475,18772,2,1669
1476,18774,2,1669
1477,18774,6,1669
1478,18776,2,1670
1479,18776,3,1670
1480,18776,6,1670
1481,18777,2,1670
1482,18777,3,1670
1483,18777,6,1670
1484,18801,6,1707
1485,18802,6,1707
1486,18804,6,1707
1487,18895,2,1921
1488,18895,3,1921
1489,18895,6,1921
1490,18896,2,1921
1491,18896,3,1921
1492,18896,6,1921
1493,18920,2,1923
1494,18920,4,1923
1495,18920,6,1923
1496,18921,2,1923
1497,18921,4,1923
1498,18921,6,1923
1499,18922,2,1923
1500,18922,3,1923
1501,18922,6,1923
1502,18923,2,1923
1503,18923,3,1923
1504,18923,6,1923
1505,18926,2,1923
1506,18926,3,1923
1507,18926,6,1923
1508,18927,2,1923
1509,18927,3,1923
1510,18927,6,1923
1511,18937,2,1925
1512,18937,3,1925
1513,18937,6,1925
1514,18940,2,1925
1515,18940,6,1925
1516,18941,2,1925
1517,18941,6,1925
1518,18942,2,1925
1519,18942,6,1925
1520,18943,2,1925
1521,18944,2,1925
1522,18945,2,1925
1523,18947,2,1925
1524,18948,2,1925
1525,18948,6,1925
1526,18949,2,1925
1527,18949,6,1925
1528,18950,2,1925
1529,18952,2,1925
1530,18953,2,1925
1531,18953,6,1925
1532,18954,2,1925
1533,18954,6,1925
1534,18955,2,1925
1535,18957,2,1925
1536,18958,2,1925
1537,18958,6,1925
1538,18959,2,1925
1539,18959,6,1925
1540,19015,4,2014
1541,19015,6,2014
1542,19017,2,2014
1543,19027,6,2014
1544,19030,3,2015
1545,19030,6,2015
1546,19032,6,2015
1547,19072,5,2040
1548,19074,3,1537
1549,19075,3,1537
1550,19076,3,1537
1551,19077,3,1537
1552,19078,3,1537
1553,19079,3,1537
1554,19080,3,1537
1555,19081,3,1537
1556,19091,2,1539
1557,19091,6,1539
1558,19092,2,1539
1559,19103,4,1597
1560,19103,5,1597
1561,19104,3,1597
1562,19104,5,1597
1563,19107,5,1597
1564,19108,5,1597
1565,19109,2,1597
1566,19109,6,1597
1567,19110,2,1597
1568,19110,6,1597
1569,19111,6,1597
1570,19112,2,1597
1571,19112,6,1597
1572,19113,2,1598
1573,19113,6,1598
1574,19114,2,1598
1575,19114,6,1598
1576,19131,2,1601
1577,19131,6,1601
1578,19132,2,1601
1579,19132,6,1601
1580,19147,4,1603
1581,19147,5,1603
1582,19148,4,1603
1583,19148,5,1603
1584,19153,2,1654
1585,19153,6,1654
1586,19155,2,1654
1587,19155,6,1654
1588,19162,6,1656
1589,19163,6,1656
1590,19171,6,1658
1591,19177,2,1658
1592,19180,2,1659
1593,19181,2,1659
1594,19184,2,1659
1595,19313,2,1928
1596,19349,4,1988
1597,19350,4,1988
1598,19359,6,1989
1599,19360,3,1989
1600,19360,6,1989
1601,19361,3,1989
1602,19361,6,1989
1603,19362,6,1989
1604,19371,6,1989
1605,19372,6,1989
1606,19375,6,1989
1607,19376,6,1989
1608,19383,5,2037
1609,19432,2,1895
1610,19432,6,1895
1611,19433,2,1895
1612,19433,6,1895
1613,19442,2,2003
1614,19443,2,2003
1615,19467,2,2080
1616,19467,3,2080
1617,19467,6,2080
1618,19490,2,2118
1619,19494,2,2118
1620,19497,2,2183
1621,19497,6,2183
1622,19510,2,2185
1623,19510,6,2185
1624,19511,2,2185
1625,19511,6,2185
1626,19516,4,2186
1627,19517,4,2186
1628,19518,4,2186
1629,19519,4,2186
1630,19520,2,2186
1631,19520,6,2186
1632,19521,2,2186
1633,19521,6,2186
1634,19549,2,2252
1635,19550,2,2252
1636,19551,2,2252
1637,19553,2,2252
1638,19555,2,2252
1639,19556,2,2252
1640,19557,2,2252
1641,19558,2,2252
1642,19559,2,2252
1643,19560,2,2252
1644,19576,3,2347
1645,19593,2,2392
1646,19593,6,2392
1647,19594,6,2392
1648,19601,3,2392
1649,19602,3,2392
1650,19604,6,2392
1651,19605,2,2392
1652,19611,2,2393
1653,19611,6,2393
1654,19634,6,2394
1655,19643,3,2449
1656,19647,3,2449
1657,19648,3,2449
1658,19676,4,2453
1659,19677,4,2453
1660,19678,4,2453
1661,19681,4,2453
1662,19689,2,2454
1663,19689,4,2454
1664,19689,6,2454
1665,19690,2,2454
1666,19690,4,2454
1667,19690,6,2454
1668,19693,2,2454
1669,19693,4,2454
1670,19693,6,2454
1671,19696,2,2454
1672,19696,4,2454
1673,19696,6,2454
1674,19704,2,2121
1675,19704,6,2121
1676,19707,2,2121
1677,19707,6,2121
1678,19708,2,2121
1679,19708,6,2121
1680,19709,2,2121
1681,19709,6,2121
1682,19713,2,2122
1683,19714,2,2122
1684,19714,6,2122
1685,19715,2,2122
1686,19715,6,2122
1687,19716,2,2122
1688,19716,3,2122
1689,19716,6,2122
1690,19717,2,2122
1691,19717,3,2122
1692,19717,6,2122
1693,19721,2,2122
1694,19738,2,2125
1695,19758,2,2128
1696,19758,6,2128
1697,19767,2,2188
1698,19767,6,2188
1699,19795,6,2190
1700,19799,6,2190
1701,19800,6,2190
1702,19805,6,2191
1703,19807,6,2191
1704,19819,3,2192
1705,19820,3,2192
1706,19825,3,2193
1707,19863,2,2255
1708,19863,6,2255
1709,19868,4,2255
1710,19935,3,2455
1711,19943,3,2456
1712,20062,1,1796
1713,20072,2,1796
1714,20072,6,1796
1715,20117,2,1903
1716,20117,6,1903
1717,20167,6,1976
1718,20168,6,1976
1719,20172,6,1976
1720,20173,6,1976
1721,20183,6,1976
1722,20184,6,1976
1723,20194,2,1978
1724,20194,6,1978
1725,20195,2,1978
1726,20195,6,1978
1727,20220,6,2067
1728,20260,2,2092
1729,20260,6,2092
1730,20282,2,2146
1731,20282,6,2146
1732,20290,2,2148
1733,20290,6,2148
1734,20291,2,2148
1735,20291,6,2148
1736,20293,2,2148
1737,20293,6,2148
1738,20334,2,2414
1739,20334,6,2414
1740,20350,2,2416
1741,20350,6,2416
1742,20352,2,2416
1743,20352,6,2416
1744,20353,2,2416
1745,20353,6,2416
1746,20355,3,2417
1747,20358,2,2426
1748,20358,6,2426
1749,20370,5,2427
1750,20371,5,2427
1751,20382,2,2428
1752,20382,6,2428
1753,20383,2,2428
1754,20383,6,2428
1755,20408,2,1622
1756,20408,6,1622
1757,20409,2,1622
1758,20409,6,1622
1759,20420,6,1812
1760,20421,6,1812
1761,20450,4,1762
1762,20533,2,2007
1763,20535,2,2007
1764,20535,6,2007
1765,20541,2,2007
1766,20541,6,2007
1767,20542,2,2007
1768,20542,6,2007
1769,20551,2,2088
1770,20551,6,2088
1771,20552,2,2088
1772,20552,6,2088
1773,20597,2,2105
1774,20597,3,2105
1775,20597,6,2105
1776,20602,2,2106
1777,20602,3,2106
1778,20602,6,2106
1779,20632,2,2173
1780,20632,6,2173
1781,20646,2,2175
1782,20646,6,2175
1783,20654,1,2241
1784,20735,2,1723
1785,20735,6,1723
1786,20737,2,1723
1787,20737,6,1723
1788,20964,6,2354
1789,21119,3,1818
1790,21120,3,1818
1791,21127,2,1818
1792,21128,2,1818
1793,21140,2,1871
1794,21149,2,1872
1795,21153,2,1872
1796,21153,6,1872
1797,21172,4,1943
1798,21173,3,1943
1799,21183,2,1944
1800,21183,6,1944
1801,21184,2,1944
1802,21184,6,1944
1803,21254,6,1935
1804,21255,6,1935
1805,21273,2,1562
1806,21273,6,1562
1807,21274,2,1562
1808,21274,6,1562
1809,21279,2,1563
1810,21279,6,1563
1811,21280,6,1563
1812,21281,6,1563
1813,21282,6,1563
1814,21283,2,1609
1815,21283,3,1609
1816,21283,6,1609
1817,21284,2,1609
1818,21284,3,1609
1819,21284,6,1609
1820,21293,2,1610
1821,21293,6,1610
1822,21294,2,1610
1823,21294,6,1610
1824,21295,2,1610
1825,21314,2,1675
1826,21315,2,1675
1827,21316,2,1675
1828,21328,2,1676
1829,21359,3,1830
1830,21365,6,1830
1831,21367,6,1830
1832,21368,3,1830
1833,21369,3,1830
1834,21390,6,1768
1835,21391,1,1768
1836,21392,1,1768
1837,21395,6,1768
1838,21396,1,1768
1839,21397,1,1768
1840,21400,6,1768
1841,21425,2,1863
1842,21426,2,1863
1843,21431,2,1863
1844,21432,2,1863
1845,21435,2,1863
1846,21436,2,1863
1847,21439,2,1863
1848,21440,2,1863
1849,21443,2,1863
1850,21444,2,1863
1851,21445,6,1966
1852,21447,6,1966
1853,21450,6,1966
1854,21453,2,1966
1855,21453,6,1966
1856,21458,4,1967
1857,21459,2,1967
1858,21459,6,1967
1859,21463,4,1967
1860,21464,2,2000
1861,21467,2,2000
1862,21474,2,2000
1863,21475,6,2000
1864,21480,6,2000
1865,21485,6,2062
1866,21486,6,2062
1867,21491,3,2063
1868,21545,3,2101
1869,21550,6,2101
1870,21551,6,2101
1871,21552,6,2101
1872,21566,3,2167
1873,21567,3,2167
1874,21568,3,2167
1875,21569,3,2167
1876,21570,3,2168
1877,21572,3,2168
1878,21588,3,2168
1879,21589,3,2168
1880,21595,2,2169
1881,21595,6,2169
1882,21596,2,2169
1883,21596,6,2169
1884,21597,6,2169
1885,21598,6,2169
1886,21626,2,2229
1887,21627,2,2229
1888,21645,2,2281
1889,21649,2,2281
1890,21654,2,2281
1891,21657,2,2281
1892,21662,2,2281
1893,21665,2,2282
1894,21666,2,2282
1895,21667,2,2282
1896,21673,2,2282
1897,21677,2,2282
1898,21678,2,2282
1899,21681,2,2282
1900,21682,2,2282
1901,21688,2,2283
1902,21688,6,2283
1903,21693,2,2283
1904,21696,2,2283
1905,21709,2,2329
1906,21709,6,2329
1907,21710,2,2329
1908,21710,6,2329
1909,21719,2,2329
1910,21720,2,2329
1911,21723,2,2329
1912,21724,2,2329
1913,21731,2,2330
1914,21733,2,2330
1915,21734,2,2330
1916,21735,3,2330
1917,21738,3,2330
1918,21739,2,2330
1919,21740,2,2330
1920,21743,2,2330
1921,21744,2,2330
1922,21747,2,2331
1923,21747,6,2331
1924,21751,2,2331
1925,21752,2,2331
1926,21753,2,2331
1927,21753,6,2331
1928,21754,2,2331
1929,21754,6,2331
1930,21755,2,2331
1931,21756,2,2331
1932,21757,2,2331
1933,21758,2,2331
1934,21759,3,2331
1935,21760,3,2331
1936,21761,2,2331
1937,21762,2,2331
1938,21763,2,2331
1939,21764,2,2331
1940,21765,2,2331
1941,21766,2,2331
1942,21767,2,2331
1943,21768,2,2331
1944,21769,2,2331
1945,21770,2,2331
1946,21771,2,2332
1947,21772,2,2332
1948,21773,2,2332
1949,21774,2,2332
1950,21777,2,2332
1951,21777,6,2332
1952,21778,2,2332
1953,21778,6,2332
1954,21779,2,2332
1955,21780,2,2332
1956,21781,2,2332
1957,21782,2,2332
1958,21784,2,2332
1959,21785,2,2332
1960,21785,6,2332
1961,21786,2,2332
1962,21786,6,2332
1963,21790,2,2381
1964,21794,2,2381
1965,21798,2,2381
1966,21802,2,2381
1967,21808,3,2382
1968,21809,3,2382
1969,21830,3,2238
1970,21830,6,2238
1971,21831,2,2238
1972,21832,2,2238
1973,21832,3,2238
1974,21832,6,2238
1975,21833,3,2238
1976,21834,3,2238
1977,21845,2,2285
1978,21845,6,2285
1979,21846,2,2285
1980,21846,6,2285
1981,21847,2,2285
1982,21847,6,2285
1983,21848,2,2285
1984,21848,6,2285
1985,21849,2,2285
1986,21849,6,2285
1987,21850,2,2285
1988,21850,6,2285
1989,21851,2,2285
1990,21851,6,2285
1991,21852,2,2285
1992,21852,6,2285
1993,21853,2,2285
1994,21853,6,2285
1995,21855,2,2285
1996,21855,6,2285
1997,21856,2,2285
1998,21856,6,2285
1999,21857,2,2285
2000,21857,6,2285
2001,21859,2,2285
2002,21859,6,2285
2003,21862,2,2286
2004,21863,2,2286
2005,21876,2,2288
2006,21876,6,2288
2007,21877,2,2288
2008,21877,6,2288
2009,21878,2,2288
2010,21878,6,2288
2011,21879,2,2288
2012,21879,6,2288
2013,21880,2,2288
2014,21880,6,2288
2015,21881,2,2288
2016,21881,6,2288
2017,21917,2,2383
2018,21917,6,2383
2019,21918,2,2383
2020,21918,6,2383
2021,21919,2,2383
2022,21919,6,2383
2023,21920,2,2383
2024,21920,6,2383
2025,21961,2,2439
2026,21961,6,2439
2027,21962,2,2439
2028,21962,4,2439
2029,21962,6,2439
2030,21964,4,2439
2031,21967,4,2439
2032,21971,2,2439
2033,21971,4,2439
2034,21971,6,2439
2035,21972,2,2439
2036,21972,4,2439
2037,21972,6,2439
2038,21989,2,2108
2039,21989,6,2108
2040,21990,2,2108
2041,21990,6,2108
2042,21999,2,2109
2043,21999,6,2109
2044,22000,2,2109
2045,22000,6,2109
2046,22038,2,2178
2047,22038,6,2178
2048,22039,2,2178
2049,22039,6,2178
2050,22134,3,2340
2051,22135,3,2340
2052,22138,3,2340
2053,22139,3,2340
2054,22152,3,2342
2055,22153,3,2342
2056,22215,4,2443
2057,22216,4,2443
2058,22218,4,2443
2059,22232,4,2444
2060,22233,4,2444
2061,22240,2,2446
2062,22240,4,2446
2063,22240,6,2446
2064,22241,2,2446
2065,22241,4,2446
2066,22241,6,2446
2067,22332,3,2054
2068,22332,6,2054
2069,22334,2,2054
2070,22334,6,2054
2071,22336,3,2054
2072,22337,3,2054
2073,22338,6,2054
2074,22385,3,2796
2075,22385,6,2796
2076,22533,5,2753
2077,22533,6,2753
2078,22534,5,2753
2079,22534,6,2753
2080,22535,6,2753
2081,22536,6,2753
2082,22539,1,2911
2083,22540,1,2911
2084,22600,3,2978
2085,22757,6,2995
2086,22758,6,2995
2087,22796,6,3001
2088,22872,3,3006
2089,22872,4,3006
2090,22874,3,3006
2091,22875,3,3006
2092,22881,2,3007
2093,22881,6,3007
2094,22883,2,3007
2095,22883,6,3007
2096,22887,1,3008
2097,22891,3,3008
2098,22944,6,3104
2099,22945,6,3104
2100,22950,6,3104
2101,22951,6,3104
2102,22952,3,3105
2103,22953,3,3105
2104,22987,2,3140
2105,22987,6,3140
2106,22988,2,3140
2107,22988,6,3140
2108,22991,2,3140
2109,22991,6,3140
2110,22995,2,3140
2111,22995,6,3140
2112,22996,2,3140
2113,22996,6,3140
2114,23039,2,3059
2115,23066,3,3136
2116,23067,1,3136
2117,23078,6,3137
2118,23079,6,3137
2119,23082,6,3137
2120,23083,6,3137
2121,23090,2,3062
2122,23090,6,3062
2123,23091,2,3062
2124,23091,6,3062
2125,23092,2,3062
2126,23092,3,3062
2127,23092,6,3062
2128,23093,2,3062
2129,23093,3,3062
2130,23093,6,3062
2131,23122,3,3101
2132,23123,3,3101
2133,23192,6,3088
2134,23199,6,3088
2135,23222,3,3116
2136,23223,3,3116
2137,23224,5,3116
2138,23226,6,3116
2139,23227,6,3116
2140,23249,2,3077
2141,23250,2,3077
2142,23273,3,3131
2143,23274,3,3131
2144,23388,1,2737
2145,23389,1,2737
2146,23392,3,2737
2147,23392,6,2737
2148,23393,3,2737
2149,23393,6,2737
2150,23407,2,2719
2151,23408,2,2719
2152,23434,6,2733
2153,23435,6,2733
2154,23563,4,8423
2155,23563,6,8423
2156,23565,2,8423
2157,23566,2,8423
2158,23795,1,2788
2159,23798,1,2788
2160,23871,2,2827
2161,23871,3,2827
2162,23872,2,2827
2163,23872,3,2827
2164,23881,3,2829
2165,23885,3,2829
2166,23898,6,2811
2167,23899,2,2811
2168,23899,6,2811
2169,23900,2,2811
2170,23900,6,2811
2171,23901,2,2811
2172,23901,6,2811
2173,24211,1,2958
2174,24212,1,2958
2175,24224,3,2959
2176,24224,5,2959
2177,24225,3,2959
2178,24225,5,2959
2179,24272,6,2954
2180,24273,6,2954
2181,24409,6,8379
2182,24581,2,3055
2183,24582,2,3055
2184,24583,2,3055
2185,24584,2,3055
2186,24585,2,3055
2187,24586,2,3055
2188,24587,2,3055
2189,24588,2,3055
2190,24637,3,3014
2191,24638,3,3014
2192,24656,2,3065
2193,24656,6,3065
2194,24657,2,3065
2195,24657,6,3065
2196,24679,6,2992
2197,24687,3,3051
2198,24929,5,3120
2199,24930,6,3120
2200,24931,6,3120
2201,24986,1,3158
2202,24986,3,3158
2203,24986,6,3158
2204,24987,1,3158
2205,24987,3,3158
2206,24987,6,3158
2207,24995,6,3161
2208,24997,3,3161
2209,24997,6,3161
2210,24998,3,3161
2211,24998,6,3161
2212,25009,6,2686
2213,25010,6,2686
2214,25011,6,2686
2215,25012,6,2686
2216,25515,2,3156
2217,25515,6,3156
2218,25516,2,3156
2219,25516,6,3156
2220,25519,2,3156
2221,25519,6,3156
2222,25520,2,3156
2223,25520,6,3156
2224,25535,2,3157
2225,25535,6,3157
2226,25536,2,3157
2227,25536,6,3157
2228,25537,2,3157
2229,25537,6,3157
2230,25538,2,3157
2231,25538,6,3157
2232,25539,6,3157
2233,25544,2,3157
2234,25544,6,3157
2235,25545,2,3157
2236,25545,6,3157
2237,25563,6,2683
2238,25564,6,2683
2239,25566,6,2683
2240,25587,2,3205
2241,25587,6,3205
2242,25588,1,3205
2243,25588,2,3205
2244,25588,6,3205
2245,25589,1,3205
2246,25603,2,3206
2247,25603,6,3206
2248,25604,2,3206
2249,25604,6,3206
2250,25617,3,3207
2251,25617,5,3207
2252,25618,3,3207
2253,25618,5,3207
2254,25620,3,3207
2255,25620,5,3207
2256,25621,3,3207
2257,25621,5,3207
2258,25647,2,3244
2259,25648,2,3244
2260,25657,2,3244
2261,25658,2,3244
2262,25662,1,3244
2263,25663,1,3244
2264,25664,1,3244
2265,25665,1,3244
2266,25669,3,3244
2267,25669,5,3244
2268,25670,3,3244
2269,25670,5,3244
2270,25804,2,2565
2271,25903,3,2660
2272,25903,6,2660
2273,25904,1,2660
2274,25904,3,2660
2275,25904,6,2660
2276,26083,2,3165
2277,26083,6,3165
2278,26084,2,3165
2279,26084,6,3165
2280,26127,2,3233
2281,26127,6,3233
2282,26128,2,3233
2283,26128,6,3233
2284,26949,2,3283
2285,26950,1,3283
2286,27153,3,3468
2287,27154,3,3468
2288,27323,6,2663
2289,27328,2,2663
2290,27330,2,2663
2291,27331,2,2663
2292,27335,2,3188
2293,27405,2,3266
2294,27406,2,3266
2295,27411,2,3266
2296,27413,2,3266
2297,27414,2,3266
2298,27415,2,3267
2299,27416,2,3267
2300,27422,2,3267
2301,27424,2,3267
2302,27427,2,2520
2303,27480,2,3405
2304,27480,6,3405
2305,27499,3,3449
2306,27499,5,3449
2307,27500,3,3449
2308,27500,5,3449
2309,27501,2,3449
2310,27502,2,3449
2311,28067,5,3417
2312,28067,6,3417
2313,28068,5,3417
2314,28068,6,3417
2315,28071,5,3417
2316,28071,6,3417
2317,28072,5,3417
2318,28072,6,3417
2319,28073,5,3417
2320,28073,6,3417
2321,28074,5,3417
2322,28074,6,3417
2323,28268,6,3476
2324,28269,6,3476
2325,28270,6,3476
2326,28271,6,3476
2327,28998,3,3471
2328,28998,5,3471
2329,29135,1,4504
2330,29136,1,4504
2331,29179,6,1822
2332,29180,6,1822
2333,29190,4,1823
2334,29191,6,1823
2335,29192,6,1823
2336,29194,2,1775
2337,29194,6,1775
2338,29195,2,1775
2339,29195,6,1775
2340,29198,6,1874
2341,29199,2,1874
2342,29200,2,1874
2343,29201,6,1874
2344,29202,6,1874
2345,29216,2,1876
2346,29216,6,1876
2347,29225,4,1879
2348,29226,4,1879
2349,29229,6,1879
2350,29230,6,1879
2351,29233,6,1879
2352,29234,6,1879
2353,29238,2,1880
2354,29238,6,1880
2355,29241,2,1880
2356,29241,6,1880
2357,29248,3,1880
2358,29249,3,1880
2359,29252,2,1880
2360,29252,6,1880
2361,29253,2,1880
2362,29253,6,1880
2363,29274,2,1953
2364,29274,6,1953
2365,29282,2,1954
2366,29282,6,1954
2367,29283,2,1954
2368,29283,6,1954
2369,29306,3,2069
2370,29308,3,2069
2371,29324,6,2047
2372,29341,2,2132
2373,29341,6,2132
2374,29342,2,2132
2375,29342,6,2132
2376,29362,5,2135
2377,29363,5,2135
2378,29364,4,2202
2379,29371,2,2202
2380,29371,6,2202
2381,29372,2,2202
2382,29372,6,2202
2383,29392,2,2256
2384,29392,6,2256
2385,29393,2,2256
2386,29393,6,2256
2387,29408,6,2257
2388,29417,4,2468
2389,29453,2,1736
2390,29453,3,1736
2391,29453,6,1736
2392,29454,2,1736
2393,29454,3,1736
2394,29454,6,1736
2395,29455,2,1736
2396,29455,3,1736
2397,29455,6,1736
2398,29456,2,1736
2399,29456,3,1736
2400,29456,6,1736
2401,29491,3,1908
2402,29492,3,1908
2403,29499,3,1909
2404,29500,3,1909
2405,29504,3,1910
2406,29505,3,1910
2407,29506,2,1910
2408,29506,6,1910
2409,29508,2,1910
2410,29508,6,1910
2411,29509,3,1910
2412,29525,2,1911
2413,29525,6,1911
2414,29537,3,1979
2415,29541,3,1979
2416,29545,3,1979
2417,29549,3,1979
2418,29598,2,2207
2419,29598,6,2207
2420,29599,2,2207
2421,29599,6,2207
2422,29610,2,2210
2423,29611,2,2210
2424,29612,6,2210
2425,29617,2,2258
2426,29617,6,2258
2427,29619,2,2258
2428,29619,6,2258
2429,29620,3,2258
2430,29621,3,2258
2431,29633,2,2357
2432,29634,2,2357
2433,29639,6,2405
2434,29642,6,2405
2435,29653,6,2405
2436,29654,6,2405
2437,29655,6,2405
2438,29656,6,2405
2439,29661,6,2406
2440,29663,6,2406
2441,29665,6,2406
2442,29667,6,2407
2443,29669,2,2407
2444,29669,6,2407
2445,29670,6,2407
2446,29671,6,2407
2447,29673,6,2407
2448,29724,2,1882
2449,29728,2,1882
2450,29731,2,1882
2451,29733,2,1882
2452,29735,2,1882
2453,29737,2,1882
2454,29739,2,1883
2455,29739,6,1883
2456,29740,2,1883
2457,29740,6,1883
2458,29743,2,1883
2459,29747,2,1883
2460,29749,2,1883
2461,29773,2,2004
2462,29773,6,2004
2463,29774,3,2005
2464,29774,5,2005
2465,29775,3,2005
2466,29775,6,2005
2467,29784,2,2005
2468,29785,2,2005
2469,29798,3,2084
2470,29875,2,2149
2471,29875,6,2149
2472,29876,2,2149
2473,29876,6,2149
2474,29901,2,2152
2475,29901,6,2152
2476,29915,2,2153
2477,29915,6,2153
2478,29917,2,2153
2479,29917,3,2153
2480,29917,6,2153
2481,29918,2,2153
2482,29918,3,2153
2483,29918,6,2153
2484,29923,2,2155
2485,29923,6,2155
2486,29926,2,2155
2487,29926,6,2155
2488,29928,2,2155
2489,29929,2,2155
2490,29954,2,2233
2491,29993,4,2236
2492,29993,6,2236
2493,29994,4,2236
2494,29994,6,2236
2495,30031,2,2278
2496,30031,6,2278
2497,30032,2,2278
2498,30032,6,2278
2499,30035,1,2278
2500,30035,2,2278
2501,30035,6,2278
2502,30085,2,2322
2503,30086,2,2322
2504,30089,2,2322
2505,30090,2,2322
2506,30095,2,2323
2507,30096,2,2323
2508,30097,2,2323
2509,30099,2,2323
2510,30101,2,2323
2511,30102,2,2323
2512,30218,6,1831
2513,30219,6,1831
2514,30220,6,1831
2515,30224,3,1832
2516,30224,6,1832
2517,30236,2,1884
2518,30236,6,1884
2519,30241,2,1884
2520,30241,3,1884
2521,30241,6,1884
2522,30242,1,1884
2523,30242,2,1884
2524,30242,6,1884
2525,30244,2,1884
2526,30244,6,1884
2527,30246,2,1884
2528,30246,6,1884
2529,30247,2,1884
2530,30247,6,1884
2531,30249,2,1885
2532,30249,4,1885
2533,30249,6,1885
2534,30250,1,1885
2535,30250,2,1885
2536,30250,6,1885
2537,30257,2,1886
2538,30257,6,1886
2539,30258,2,1886
2540,30258,6,1886
2541,30261,2,1958
2542,30261,3,1958
2543,30261,6,1958
2544,30293,3,2142
2545,30327,2,2259
2546,30327,6,2259
2547,30332,2,2260
2548,30332,6,2260
2549,30358,2,2359
2550,30383,2,1784
2551,30383,6,1784
2552,30384,2,1784
2553,30384,6,1784
2554,30389,2,1786
2555,30389,6,1786
2556,30390,2,1786
2557,30390,6,1786
2558,30406,2,2006
2559,30408,2,2006
2560,30569,2,1912
2561,30570,2,1912
2562,30571,2,1912
2563,30572,2,1912
2564,30573,2,1912
2565,30574,2,1912
2566,30576,2,1912
2567,30577,2,1912
2568,30592,6,1994
2569,30593,6,1994
2570,30598,6,2011
2571,30599,2,2011
2572,30600,1,2011
2573,30600,6,2011
2574,30601,6,2011
2575,30602,2,2087
2576,30602,6,2087
2577,30605,2,2087
2578,30605,6,2087
2579,30610,3,2026
2580,30611,3,2026
2581,30613,2,2026
2582,30613,3,2026
2583,30613,6,2026
2584,30614,2,2026
2585,30614,3,2026
2586,30614,6,2026
2587,30616,2,2026
2588,30616,3,2026
2589,30616,6,2026
2590,30617,2,2026
2591,30617,3,2026
2592,30617,6,2026
2593,30618,2,2026
2594,30618,3,2026
2595,30618,6,2026
2596,30631,2,2100
2597,30632,2,2100
2598,30633,2,2100
2599,30633,4,2100
2600,30633,5,2100
2601,30633,6,2100
2602,30634,3,2100
2603,30634,5,2100
2604,30635,2,2100
2605,30635,6,2100
2606,30639,2,2100
2607,30639,4,2100
2608,30639,5,2100
2609,30639,6,2100
2610,30640,5,2100
2611,30642,2,2100
2612,30642,6,2100
2613,30645,2,2100
2614,30645,6,2100
2615,30646,1,2100
2616,30646,2,2100
2617,30646,6,2100
2618,30647,2,2100
2619,30647,6,2100
2620,30658,6,2164
2621,30663,2,2164
2622,30663,6,2164
2623,30670,2,2165
2624,30670,6,2165
2625,30690,2,2227
2626,30690,6,2227
2627,30725,3,1814
2628,30726,3,1814
2629,30729,3,1814
2630,30878,4,1856
2631,30879,4,1856
2632,30880,4,1856
2633,30881,4,1856
2634,31006,4,2730
2635,31007,4,2730
2636,31020,6,2732
2637,31022,5,2732
2638,31023,5,2732
2639,31465,1,4413
2640,31466,1,4413
2641,31529,1,4737
2642,31536,6,4739
2643,31538,6,4739
2644,31555,1,4742
2645,31556,1,4742
2646,31563,6,4743
2647,31564,6,4743
2648,31575,2,4868
2649,31575,6,4868
2650,31576,2,4868
2651,31576,6,4868
2652,31678,1,5040
2653,31679,1,5040
2654,31861,6,5318
2655,31862,6,5318
2656,31976,2,5014
2657,31976,6,5014
2658,31977,2,5014
2659,31977,6,5014
2660,31988,2,5016
2661,31988,6,5016
2662,31989,2,5016
2663,31989,6,5016
2664,32042,2,4948
2665,32042,3,4948
2666,32043,2,4948
2667,32043,3,4948
2668,32044,2,4948
2669,32045,2,4948
2670,32046,2,4948
2671,32046,3,4948
2672,32047,2,4948
2673,32047,3,4948
2674,32048,2,4948
2675,32049,2,4948
2676,32064,2,5219
2677,32064,4,5219
2678,32064,6,5219
2679,32065,2,5219
2680,32065,4,5219
2681,32065,6,5219
2682,32090,2,5410
2683,32090,6,5410
2684,32091,2,5410
2685,32091,6,5410
2686,32283,3,2001
2687,32310,5,3583
2688,32312,5,3583
2689,32314,5,3583
2690,32333,1,8676
2691,32335,5,5064
2692,32336,5,5064
2693,32339,5,5064
2694,32347,5,5064
2695,32365,2,5037
2696,32374,2,5180
2697,32374,6,5180
2698,32375,2,5180
2699,32375,6,5180
2700,32376,2,5180
2701,32376,6,5180
2702,32379,2,5180
2703,32379,6,5180
2704,32435,2,4789
2705,32435,6,4789
2706,32440,2,3885
2707,32440,4,3885
2708,32440,6,3885
2709,32441,2,3885
2710,32441,4,3885
2711,32441,6,3885
2712,32489,2,4501
2713,32500,2,4887
2714,32500,4,4887
2715,32509,2,4458
2716,32509,6,4458
2717,32510,2,4458
2718,32510,6,4458
2719,32521,2,3743
2720,32521,6,3743
2721,32523,2,3743
2722,32523,6,3743
2723,32525,2,3743
2724,32525,6,3743
2725,32527,2,3743
2726,32527,6,3743
2727,32529,2,3743
2728,32529,6,3743
2729,32544,2,4691
2730,32551,2,4883
2731,32551,6,4883
2732,32552,2,4883
2733,32552,3,4883
2734,32552,6,4883
2735,32571,2,5246
2736,32571,6,5246
2737,32583,6,1577
2738,32586,2,1634
2739,32586,6,1634
2740,32594,3,8039
2741,32594,6,8039
2742,32604,2,1486
2743,32604,6,1486
2744,32605,1,1486
2745,32605,2,1486
2746,32610,2,8170
2747,32611,2,8170
2748,32611,3,8170
2749,32622,2,1186
2750,32623,2,1186
2751,32624,2,1226
2752,32625,2,1226
2753,32628,6,2182
2754,32635,2,1247
2755,32637,2,1547
2756,32637,6,1547
2757,32648,4,1888
2758,32650,2,1889
2759,32650,4,1889
2760,32650,6,1889
2761,32651,4,1889
2762,32651,6,1889
2763,32653,3,1597
2764,32653,5,1597
2765,32654,2,1597
2766,32654,6,1597
2767,32660,2,2252
2768,32662,2,2252
2769,32678,4,2255
2770,32681,2,2456
2771,32681,6,2456
2772,32689,2,2030
2773,32689,6,2030
2774,32694,5,2372
2775,32695,5,2372
2776,32699,6,1966
2777,32703,2,2029
2778,32703,6,2029
2779,32704,2,2029
2780,32704,6,2029
2781,32705,2,2101
2782,32705,6,2101
2783,32709,6,2281
2784,32711,2,2283
2785,32711,6,2283
2786,32712,2,2329
2787,32712,6,2329
2788,32719,2,2285
2789,32719,6,2285
2790,32731,2,2443
2791,32732,2,2443
2792,32732,6,2443
2793,32733,4,2443
2794,32768,6,2948
2795,32771,2,2948
2796,32771,6,2948
2797,32776,2,3006
2798,32776,6,3006
2799,32777,2,3006
2800,32777,6,3006
2801,32789,6,8374
2802,32796,6,8377
2803,32802,6,8509
2804,32807,6,8510
2805,32923,2,2004
2806,32924,2,2004
2807,32933,5,2434
2808,32944,2,1814
2809,32944,6,1814
2810,32945,2,1855
2811,32945,6,1855
2812,32946,2,1855
2813,32946,6,1855
2814,33003,5,4469
2815,33004,5,4469
2816,33005,5,4469
2817,33006,5,4469
2818,33007,5,4469
2819,33008,5,4469
2820,33069,2,1651
2821,33069,3,1651
2822,33069,6,1651
2823,33070,3,1651
2824,33075,3,2247
2825,33075,6,2247
2826,33076,3,2247
2827,33076,6,2247
2828,33085,2,1609
2829,33085,6,1609
2830,33194,5,3750
2831,33221,5,4469
2832,33222,5,4469
2833,33223,5,4469
2834,33224,5,4469
2835,33243,3,2808
2836,33243,5,2808
2837,33244,3,2808
2838,33244,5,2808
2839,33261,2,1876
2840,33261,5,1876
2841,33261,6,1876
2842,33262,5,1876
2843,33292,2,1651
2844,33292,6,1651
2845,33293,6,8039
2846,33302,2,1247
2847,33303,2,1547
2848,33303,6,1547
2849,33305,4,1597
2850,33305,5,1597
2851,33307,2,1597
2852,33307,6,1597
2853,33311,2,2252
2854,33323,4,2255
2855,33326,3,2062
2856,33326,6,2062
2857,33327,2,2283
2858,33327,6,2283
2859,33328,2,2329
2860,33355,6,2948
2861,33452,2,4789
2862,33452,6,4789
2863,33453,2,4792
2864,33453,6,4792
2865,33468,3,4883
2866,33476,6,1577
