household_id,SAMPN,HH_ZONE_ID,HH_WEIGHT,HH_SIZE,HH_VEH,HH_WORKERS
1002,1002,834,,1,2,1
1004,1004,834,,6,1,1
1005,1005,834,,2,1,2
1006,1006,834,,3,2,1
1007,1007,834,,2,0,1
1008,1008,834,,3,0,1
1009,1009,834,,3,2,1
1010,1010,834,,4,1,1
1011,1011,834,,3,3,1
1012,1012,834,,6,1,3
1013,1013,674,,5,9,2
1014,1014,667,,3,3,1
1015,1015,671,,1,1,1
1016,1016,671,,2,2,2
1017,1017,684,,1,2,1
1019,1019,671,,1,2,1
1021,1021,667,,4,2,1
1022,1022,671,,4,1,1
1023,1023,671,,2,2,2
1024,1024,892,,2,2,2
1025,1025,755,,1,2,1
1026,1026,755,,1,1,1
1028,1028,835,,4,2,4
1029,1029,635,,4,4,2
1030,1030,635,,3,2,2
1031,1031,635,,5,3,3
1032,1032,635,,4,3,1
1033,1033,635,,6,3,1
1034,1034,635,,1,2,1
1036,1036,635,,1,2,1
1039,1039,635,,1,2,1
1041,1041,635,,4,2,4
1042,1042,635,,5,4,1
1043,1043,610,,6,3,2
1044,1044,607,,4,3,2
1045,1045,610,,1,1,1
1047,1047,825,,3,2,1
1048,1048,610,,3,3,1
1049,1049,607,,4,2,2
1050,1050,629,,1,2,1
1052,1052,635,,4,4,2
1053,1053,635,,3,2,2
1054,1054,635,,4,3,1
1055,1055,635,,2,2,2
1056,1056,635,,3,2,1
1057,1057,635,,3,2,1
1058,1058,635,,5,3,1
1059,1059,635,,1,1,1
1062,1062,635,,4,7,1
1063,1063,488,,6,1,6
1064,1064,488,,4,1,2
1065,1065,488,,4,1,1
1066,1066,488,,3,0,2
1067,1067,488,,1,2,1
1070,1070,489,,3,0,1
1071,1071,488,,3,1,1
1072,1072,488,,5,1,5
1073,1073,488,,2,0,1
1074,1074,488,,5,1,1
1075,1075,489,,1,2,1
1076,1076,488,,1,0,1
1077,1077,488,,2,0,1
1078,1078,486,,3,1,3
1079,1079,488,,1,2,1
1081,1081,488,,3,1,3
1082,1082,488,,3,1,1
1083,1083,489,,1,0,1
1085,1085,489,,4,1,1
1086,1086,488,,1,1,1
1088,1088,488,,4,1,1
1089,1089,488,,1,1,1
1091,1091,488,,4,1,4
1092,1092,488,,1,1,1
1093,1093,489,,2,1,2
1094,1094,489,,2,0,2
1095,1095,493,,3,1,2
1096,1096,493,,6,1,1
1097,1097,493,,2,4,1
1098,1098,495,,3,2,1
1099,1099,495,,8,2,2
1100,1100,487,,3,3,2
1101,1101,493,,3,2,2
1102,1102,493,,3,2,1
1103,1103,495,,4,1,2
1104,1104,495,,2,3,2
1105,1105,495,,7,0,4
1106,1106,493,,2,5,2
1107,1107,495,,3,1,3
1108,1108,493,,4,2,3
1109,1109,493,,4,1,2
1110,1110,493,,6,2,5
1111,1111,493,,3,2,1
1112,1112,493,,1,1,1
1114,1114,493,,2,1,2
1115,1115,493,,1,2,1
1117,1117,493,,3,1,2
1118,1118,493,,4,2,1
1119,1119,493,,1,1,1
1121,1121,493,,2,1,2
1122,1122,493,,1,0,1
1123,1123,493,,1,1,1
1125,1125,495,,5,2,2
1126,1126,495,,3,1,1
1127,1127,495,,3,2,1
1128,1128,487,,1,1,1
1131,1131,487,,2,1,1
1132,1132,489,,3,1,1
1133,1133,489,,1,1,1
1135,1135,489,,3,0,1
1136,1136,489,,4,1,1
1137,1137,489,,3,0,1
1138,1138,489,,1,0,1
1140,1140,490,,1,0,1
1142,1142,493,,4,1,1
1143,1143,487,,4,2,1
1144,1144,487,,3,1,1
1145,1145,487,,1,1,1
1146,1146,487,,4,1,2
1147,1147,487,,2,1,2
1148,1148,487,,4,1,1
1149,1149,487,,4,1,1
1150,1150,487,,1,1,1
1152,1152,487,,1,2,1
1155,1155,605,,3,2,2
1156,1156,605,,3,4,2
1157,1157,605,,3,1,3
1158,1158,605,,3,2,3
1159,1159,605,,4,3,1
1160,1160,605,,1,2,1
1162,1162,605,,4,2,2
1163,1163,605,,5,2,3
1164,1164,605,,3,2,2
1165,1165,605,,2,1,2
1166,1166,667,,3,1,1
1167,1167,667,,3,2,2
1168,1168,667,,6,2,3
1169,1169,667,,4,4,2
1170,1170,667,,4,2,2
1171,1171,667,,1,2,1
1173,1173,667,,4,2,1
1174,1174,667,,1,2,1
1176,1176,667,,2,2,1
1177,1177,667,,2,2,1
1178,1178,667,,1,2,1
1180,1180,667,,1,2,1
1182,1182,667,,3,2,2
1183,1183,667,,1,2,1
1185,1185,667,,1,1,1
1187,1187,626,,1,6,1
1189,1189,626,,6,2,1
1190,1190,626,,4,5,1
1191,1191,626,,3,2,1
1192,1192,626,,2,2,2
1193,1193,626,,1,2,1
1194,1194,605,,3,3,2
1195,1195,605,,4,2,2
1196,1196,626,,4,2,1
1197,1197,678,,1,4,1
1198,1198,678,,4,1,1
1199,1199,678,,6,2,2
1200,1200,626,,4,3,4
1201,1201,626,,2,5,1
1202,1202,626,,2,2,1
1203,1203,626,,2,2,1
1204,1204,626,,2,1,2
1205,1205,626,,1,2,1
1207,1207,761,,3,1,1
1208,1208,760,,7,5,4
1209,1209,749,,4,4,1
1210,1210,745,,5,2,2
1211,1211,747,,2,2,1
1212,1212,747,,1,1,1
1215,1215,747,,1,2,1
1217,1217,760,,2,2,2
1218,1218,760,,9,4,3
1219,1219,760,,1,5,1
1221,1221,760,,1,4,1
1223,1223,759,,4,7,1
1224,1224,687,,3,2,1
1225,1225,687,,6,1,2
1226,1226,687,,3,3,1
1227,1227,687,,1,2,1
1229,1229,684,,3,2,1
1230,1230,684,,4,3,1
1231,1231,684,,4,2,2
1232,1232,684,,5,2,2
1233,1233,684,,5,2,2
1234,1234,684,,3,3,1
1235,1235,684,,4,2,1
1236,1236,684,,5,4,2
1237,1237,678,,2,3,2
1238,1238,678,,1,2,1
1240,1240,678,,4,6,1
1241,1241,678,,3,3,2
1242,1242,678,,6,3,2
1243,1243,678,,1,5,1
1246,1246,747,,4,3,1
1247,1247,747,,5,2,1
1248,1248,747,,2,2,2
1249,1249,747,,7,2,1
1250,1250,757,,1,4,1
1253,1253,755,,5,4,1
1254,1254,755,,1,2,1
1256,1256,747,,1,2,1
1259,1259,755,,1,0,1
1261,1261,755,,1,4,1
1264,1264,626,,5,2,2
1265,1265,505,,5,1,2
1266,1266,505,,7,3,2
1267,1267,505,,4,2,1
1268,1268,480,,3,0,1
1269,1269,505,,1,1,1
1271,1271,505,,1,0,1
1273,1273,505,,2,5,1
1274,1274,505,,2,2,2
1275,1275,483,,4,0,3
1276,1276,505,,1,4,1
1280,1280,505,,1,1,1
1281,1281,480,,1,0,1
1282,1282,480,,3,0,3
1283,1283,480,,4,0,4
1284,1284,480,,2,0,2
1285,1285,480,,2,1,2
1286,1286,480,,3,1,2
1287,1287,480,,3,1,1
1288,1288,480,,2,1,2
1289,1289,480,,1,2,1
1291,1291,480,,2,0,2
1292,1292,480,,1,1,1
1293,1293,480,,2,0,1
1294,1294,480,,2,0,2
1295,1295,480,,2,2,1
1296,1296,638,,6,0,6
1297,1297,480,,2,0,2
1298,1298,483,,1,0,1
1299,1299,480,,3,0,3
1300,1300,480,,2,0,2
1301,1301,480,,4,0,1
1302,1302,480,,6,2,3
1303,1303,480,,4,1,1
1304,1304,480,,1,1,1
1305,1305,480,,3,0,1
1306,1306,480,,10,2,3
1307,1307,505,,6,4,2
1308,1308,505,,1,1,1
1310,1310,505,,3,2,3
1311,1311,503,,4,1,4
1312,1312,483,,4,0,4
1313,1313,480,,3,1,2
1314,1314,480,,4,1,3
1315,1315,480,,4,2,1
1316,1316,892,,2,1,1
1317,1317,892,,4,2,1
1318,1318,892,,2,1,2
1319,1319,892,,3,2,1
1320,1320,892,,2,1,1
1321,1321,834,,1,0,1
1322,1322,834,,1,1,1
1323,1323,834,,2,0,2
1324,1324,834,,1,0,1
1325,1325,834,,1,1,1
1326,1326,834,,2,1,1
1327,1327,835,,2,1,1
1328,1328,835,,1,0,1
1329,1329,835,,1,1,1
1330,1330,835,,5,1,5
1331,1331,834,,1,2,1
1333,1333,835,,1,1,1
1334,1334,834,,1,1,1
1335,1335,834,,2,0,2
1336,1336,834,,2,0,1
1337,1337,834,,1,0,1
1338,1338,834,,5,1,2
1339,1339,505,,1,1,1
1340,1340,892,,3,1,2
1341,1341,892,,1,2,1
1343,1343,834,,1,1,1
1345,1345,835,,1,0,1
1346,1346,892,,6,1,2
1347,1347,483,,1,2,1
1348,1348,892,,1,1,1
1350,1350,892,,4,4,2
1351,1351,892,,5,1,1
1352,1352,892,,1,2,1
1354,1354,892,,4,2,3
1355,1355,892,,4,5,2
1356,1356,834,,1,3,1
1357,1357,834,,2,1,2
1358,1358,834,,3,1,1
1359,1359,834,,1,1,1
1360,1360,835,,2,0,1
1361,1361,834,,2,1,1
1362,1362,834,,1,1,1
1363,1363,835,,4,1,2
1364,1364,892,,2,3,2
1365,1365,892,,1,2,1
1366,1366,892,,2,1,2
1367,1367,892,,3,1,2
1368,1368,892,,2,3,2
1369,1369,892,,4,2,1
1370,1370,892,,1,2,1
1373,1373,892,,5,1,1
1374,1374,892,,6,2,2
1375,1375,892,,1,3,1
1376,1376,892,,2,1,2
1377,1377,892,,4,2,1
1378,1378,892,,5,2,1
1379,1379,892,,2,1,1
1380,1380,892,,3,1,3
1381,1381,892,,2,2,1
1382,1382,892,,1,1,1
1385,1385,892,,2,2,1
1386,1386,892,,2,1,2
1387,1387,892,,3,1,2
1388,1388,892,,2,1,1
1389,1389,892,,1,1,1
1391,1391,825,,5,3,1
1392,1392,825,,2,4,1
1393,1393,825,,1,2,1
1396,1396,892,,2,2,1
1397,1397,892,,2,1,1
1398,1398,892,,5,1,3
1399,1399,892,,1,2,1
1400,1400,835,,1,1,1
1401,1401,835,,2,0,2
1402,1402,835,,3,2,2
1403,1403,835,,3,0,2
1404,1404,835,,4,1,2
1405,1405,825,,3,1,1
1406,1406,825,,1,2,1
1408,1408,825,,1,3,1
1409,1409,835,,2,1,2
1410,1410,835,,4,1,1
1411,1411,835,,4,0,4
1412,1412,835,,2,2,1
1413,1413,835,,1,1,1
1414,1414,835,,4,1,2
1415,1415,835,,2,1,1
1416,1416,835,,1,0,1
1417,1417,835,,2,0,2
1418,1418,835,,1,1,1
1419,1419,835,,1,0,1
1420,1420,823,,1,0,1
1421,1421,835,,1,0,1
1423,1423,835,,1,1,1
1424,1424,835,,7,0,1
1425,1425,825,,2,10,1
1426,1426,825,,5,2,2
1427,1427,825,,2,4,2
1428,1428,835,,3,1,1
1429,1429,835,,2,1,2
1430,1430,835,,1,2,1
1432,1432,835,,4,1,1
1433,1433,835,,2,2,2
1434,1434,892,,2,2,1
1435,1435,892,,4,1,1
1436,1436,892,,2,2,1
1437,1437,892,,2,1,1
1438,1438,626,,3,2,1
1439,1439,626,,2,1,1
1440,1440,749,,3,2,3
1441,1441,749,,6,3,3
1442,1442,635,,5,4,3
1443,1443,749,,5,3,1
1444,1444,745,,1,2,1
1446,1446,747,,1,2,1
1449,1449,749,,3,2,2
1450,1450,743,,2,2,1
1451,1451,747,,1,2,1
1453,1453,747,,1,2,1
1455,1455,768,,4,5,3
1456,1456,768,,4,4,3
1457,1457,768,,1,4,1
1459,1459,747,,2,3,2
1460,1460,747,,2,6,1
1461,1461,747,,2,2,2
1462,1462,747,,4,4,4
1463,1463,743,,5,5,3
1464,1464,768,,5,2,2
1465,1465,764,,2,2,2
1466,1466,764,,4,2,2
1467,1467,764,,4,2,2
1468,1468,684,,3,4,1
1469,1469,751,,5,2,1
1470,1470,679,,1,2,1
1472,1472,768,,1,7,1
1475,1475,764,,1,5,1
1478,1478,764,,2,2,2
1479,1479,817,,2,0,1
1480,1480,817,,1,1,1
1482,1482,817,,1,2,1
1484,1484,591,,5,0,1
1485,1485,591,,6,1,1
1486,1486,817,,5,3,3
1487,1487,817,,2,3,2
1488,1488,817,,1,2,1
1489,1489,817,,1,1,1
1490,1490,817,,4,1,1
1491,1491,817,,5,1,1
1492,1492,817,,2,2,2
1493,1493,817,,2,1,1
1494,1494,817,,1,1,1
1495,1495,817,,2,1,1
1496,1496,817,,2,1,1
1497,1497,817,,1,1,1
1498,1498,817,,3,1,2
1499,1499,817,,4,2,1
1500,1500,817,,1,1,1
1501,1501,817,,3,1,3
1502,1502,590,,4,3,2
1503,1503,582,,1,2,1
1504,1504,591,,3,1,2
1505,1505,591,,2,1,2
1506,1506,591,,3,1,3
1507,1507,591,,1,2,1
1509,1509,817,,2,3,1
1510,1510,817,,1,1,1
1512,1512,591,,2,0,1
1513,1513,591,,3,1,1
1514,1514,591,,2,0,1
1515,1515,591,,3,0,1
1516,1516,591,,2,1,2
1517,1517,817,,2,1,2
1518,1518,817,,2,2,2
1519,1519,817,,3,1,1
1520,1520,590,,2,1,1
1521,1521,590,,4,1,2
1522,1522,590,,2,1,2
1523,1523,590,,3,2,1
1524,1524,590,,3,1,3
1525,1525,590,,3,1,1
1526,1526,590,,1,1,1
1528,1528,591,,1,1,1
1529,1529,591,,1,1,1
1530,1530,591,,2,0,1
1531,1531,591,,2,2,1
1532,1532,591,,3,1,1
1533,1533,591,,1,0,1
1534,1534,591,,2,0,1
1535,1535,591,,1,0,1
1536,1536,591,,1,0,1
1538,1538,591,,2,2,1
1539,1539,591,,1,0,1
1540,1540,591,,1,1,1
1541,1541,591,,1,1,1
1543,1543,591,,1,0,1
1545,1545,591,,5,0,2
1546,1546,464,,4,2,2
1547,1547,464,,3,2,1
1548,1548,464,,3,2,2
1549,1549,465,,4,2,1
1550,1550,465,,5,1,2
1551,1551,467,,2,1,2
1552,1552,467,,4,2,1
1553,1553,467,,3,1,2
1554,1554,467,,1,1,1
1556,1556,467,,4,1,2
1557,1557,467,,3,2,2
1558,1558,467,,4,0,1
1559,1559,467,,4,2,2
1560,1560,467,,4,2,2
1561,1561,467,,1,1,1
1563,1563,465,,4,0,1
1564,1564,537,,3,1,1
1565,1565,465,,4,1,1
1566,1566,464,,3,1,2
1567,1567,464,,4,1,1
1568,1568,464,,3,1,2
1569,1569,464,,1,2,1
1571,1571,467,,2,1,1
1572,1572,467,,3,0,1
1573,1573,467,,3,1,1
1574,1574,467,,4,2,1
1575,1575,467,,1,1,1
1578,1578,465,,5,2,2
1579,1579,465,,3,1,2
1580,1580,465,,2,2,1
1581,1581,465,,6,2,4
1582,1582,465,,5,3,2
1583,1583,467,,4,2,2
1584,1584,467,,2,1,2
1585,1585,467,,2,2,1
1586,1586,467,,2,1,1
1587,1587,467,,3,1,1
1588,1588,465,,3,1,1
1589,1589,465,,4,1,2
1590,1590,465,,4,2,1
1591,1591,465,,4,2,3
1592,1592,465,,2,1,2
1593,1593,465,,3,1,1
1594,1594,465,,4,2,1
1595,1595,467,,4,1,1
1596,1596,467,,5,1,1
1597,1597,466,,5,1,4
1598,1598,465,,4,3,3
1599,1599,465,,1,3,1
1601,1601,465,,4,2,1
1602,1602,464,,4,1,2
1603,1603,464,,1,1,1
1604,1604,464,,4,1,3
1605,1605,465,,3,2,2
1606,1606,465,,1,2,1
1608,1608,465,,6,2,4
1609,1609,465,,3,4,2
1610,1610,822,,3,2,2
1611,1611,823,,2,2,2
1612,1612,823,,1,2,1
1613,1613,823,,1,1,1
1615,1615,1355,,3,2,1
1616,1616,1355,,1,2,1
1617,1617,1355,,2,2,2
1618,1618,822,,5,1,5
1619,1619,822,,3,0,3
1620,1620,822,,5,1,5
1621,1621,822,,2,0,2
1622,1622,823,,2,2,2
1623,1623,823,,1,1,1
1625,1625,1355,,1,1,1
1626,1626,1355,,2,1,2
1627,1627,1355,,4,1,4
1628,1628,822,,3,2,3
1629,1629,822,,3,2,1
1630,1630,822,,2,1,2
1631,1631,1355,,3,1,3
1632,1632,1355,,1,0,1
1633,1633,1355,,1,0,1
1635,1635,1355,,2,1,2
1636,1636,1355,,2,1,2
1637,1637,1355,,2,0,2
1638,1638,822,,2,2,2
1639,1639,822,,3,0,3
1640,1640,822,,2,2,1
1641,1641,823,,2,1,1
1642,1642,823,,1,2,1
1643,1643,1355,,3,1,1
1644,1644,1355,,5,3,1
1645,1645,1355,,3,1,1
1646,1646,1355,,2,2,1
1647,1647,1355,,3,1,3
1648,1648,1355,,1,1,1
1649,1649,1355,,1,1,1
1650,1650,1355,,3,0,2
1651,1651,1355,,4,1,2
1652,1652,1355,,1,3,1
1654,1654,1355,,3,1,2
1655,1655,1355,,1,2,1
1657,1657,1355,,2,2,1
1658,1658,969,,4,1,4
1659,1659,1355,,2,0,1
1660,1660,1355,,1,2,1
1661,1661,1355,,4,1,1
1662,1662,1355,,2,1,1
1663,1663,1355,,1,1,1
1666,1666,1355,,2,2,2
1667,1667,1355,,1,2,1
1668,1668,1355,,1,0,1
1670,1670,1355,,1,1,1
1671,1671,1355,,1,1,1
1672,1672,1355,,1,1,1
1674,1674,1368,,3,3,1
1675,1675,1370,,4,2,2
1676,1676,1370,,5,2,2
1677,1677,1370,,5,1,1
1678,1678,750,,4,2,1
1679,1679,750,,4,2,1
1680,1680,750,,4,2,1
1681,1681,750,,3,2,1
1682,1682,1370,,4,2,2
1683,1683,1370,,7,2,1
1684,1684,1370,,1,2,1
1686,1686,750,,1,2,1
1688,1688,1370,,6,2,1
1689,1689,1370,,2,3,1
1690,1690,1370,,4,2,2
1691,1691,1370,,4,3,1
1692,1692,1370,,1,2,1
1694,1694,1370,,2,1,2
1695,1695,1370,,2,2,2
1696,1696,1370,,2,2,1
1697,1697,1370,,3,2,2
1698,1698,1370,,4,2,2
1699,1699,1370,,2,2,1
1700,1700,1370,,4,1,1
1701,1701,1370,,7,2,1
1702,1702,1370,,1,2,1
1704,1704,1370,,3,2,2
1705,1705,1370,,4,3,2
1706,1706,1370,,4,2,1
1707,1707,1370,,4,2,1
1708,1708,1370,,4,3,2
1709,1709,1370,,4,1,1
1710,1710,823,,3,2,1
1711,1711,823,,2,0,2
1712,1712,823,,3,1,2
1713,1713,823,,2,1,1
1714,1714,608,,4,2,1
1715,1715,608,,1,3,1
1717,1717,608,,1,2,1
1719,1719,811,,1,0,1
1721,1721,1355,,2,2,2
1722,1722,811,,2,2,1
1723,1723,799,,2,0,2
1724,1724,799,,1,2,1
1726,1726,799,,2,2,1
1727,1727,799,,4,1,2
1728,1728,799,,1,2,1
1730,1730,799,,1,2,1
1733,1733,799,,5,1,2
1734,1734,799,,1,2,1
1736,1736,799,,2,1,2
1737,1737,799,,4,2,1
1738,1738,608,,2,2,1
1739,1739,608,,5,1,1
1740,1740,608,,4,3,2
1741,1741,608,,5,2,4
1742,1742,608,,5,4,1
1743,1743,799,,2,2,2
1744,1744,799,,5,1,4
1745,1745,799,,3,3,1
1746,1746,799,,5,1,1
1747,1747,803,,1,0,1
1749,1749,799,,1,1,1
1750,1750,817,,5,0,2
1751,1751,817,,3,3,1
1752,1752,817,,2,1,2
1753,1753,817,,1,2,1
1754,1754,817,,2,1,2
1755,1755,817,,4,1,2
1756,1756,817,,9,2,1
1757,1757,389,,4,3,2
1758,1758,388,,1,1,1
1760,1760,1340,,5,3,2
1761,1761,1340,,3,2,3
1762,1762,359,,4,3,3
1763,1763,359,,5,3,3
1764,1764,1340,,6,3,4
1765,1765,357,,4,3,2
1766,1766,1340,,5,2,4
1767,1767,359,,4,4,2
1768,1768,359,,3,2,3
1769,1769,359,,2,2,2
1770,1770,1339,,4,2,1
1771,1771,359,,3,2,1
1772,1772,359,,3,1,2
1773,1773,359,,3,2,2
1774,1774,1340,,1,2,1
1776,1776,388,,1,2,1
1778,1778,1340,,1,2,1
1780,1780,359,,4,2,1
1781,1781,359,,3,2,1
1782,1782,359,,4,1,1
1783,1783,1340,,4,2,1
1784,1784,1340,,3,1,1
1785,1785,1340,,3,2,1
1786,1786,1340,,3,1,1
1787,1787,1340,,5,1,2
1788,1788,359,,5,2,3
1789,1789,359,,5,2,1
1790,1790,359,,6,3,3
1791,1791,359,,6,3,1
1792,1792,359,,3,3,1
1793,1793,1340,,1,1,1
1795,1795,388,,6,4,1
1796,1796,389,,5,3,4
1797,1797,389,,7,5,4
1798,1798,388,,4,3,2
1799,1799,388,,3,2,2
1800,1800,388,,3,2,2
1801,1801,388,,3,3,2
1802,1802,389,,4,2,2
1803,1803,389,,1,3,1
1805,1805,389,,5,4,1
1806,1806,389,,1,2,1
1808,1808,389,,4,2,3
1809,1809,389,,1,2,1
1811,1811,466,,9,2,4
1812,1812,545,,7,4,3
1813,1813,537,,4,5,1
1814,1814,545,,6,3,1
1815,1815,537,,4,5,1
1816,1816,545,,1,1,1
1818,1818,541,,4,2,3
1819,1819,525,,1,5,1
1822,1822,538,,4,1,2
1823,1823,538,,4,1,4
1824,1824,538,,1,1,1
1828,1828,539,,4,1,1
1829,1829,538,,5,1,3
1830,1830,538,,7,2,3
1831,1831,537,,2,4,1
1832,1832,591,,1,1,1
1833,1833,591,,4,1,1
1834,1834,591,,1,1,1
1835,1835,592,,1,1,1
1837,1837,541,,8,5,2
1838,1838,541,,2,6,2
1839,1839,541,,1,0,1
1841,1841,591,,1,0,1
1842,1842,591,,2,1,2
1843,1843,591,,3,1,1
1844,1844,591,,2,1,2
1845,1845,592,,4,0,2
1846,1846,592,,6,2,4
1847,1847,539,,3,2,1
1848,1848,538,,1,2,1
1850,1850,539,,4,1,2
1851,1851,539,,2,0,1
1852,1852,539,,3,0,2
1853,1853,489,,4,0,1
1854,1854,539,,4,2,2
1855,1855,539,,3,1,2
1856,1856,539,,4,2,2
1857,1857,539,,4,2,4
1858,1858,543,,1,0,1
1859,1859,799,,1,0,1
1860,1860,799,,2,0,1
1861,1861,799,,1,0,1
1863,1863,819,,6,1,1
1864,1864,819,,4,2,1
1865,1865,819,,3,2,1
1866,1866,819,,1,1,1
1868,1868,819,,3,2,1
1869,1869,819,,3,2,1
1870,1870,819,,4,1,1
1871,1871,819,,3,2,1
1872,1872,819,,3,3,2
1873,1873,819,,4,3,1
1874,1874,819,,3,2,2
1875,1875,485,,4,2,1
1876,1876,486,,3,1,1
1877,1877,486,,3,2,2
1878,1878,486,,1,0,1
1880,1880,492,,4,3,3
1881,1881,505,,1,2,1
1883,1883,819,,4,4,2
1884,1884,819,,3,2,3
1885,1885,819,,2,3,1
1886,1886,819,,2,3,1
1887,1887,819,,5,2,3
1888,1888,492,,3,3,3
1889,1889,487,,2,1,1
1890,1890,492,,6,0,4
1891,1891,488,,3,1,2
1892,1892,819,,4,2,1
1893,1893,819,,4,2,1
1894,1894,819,,4,2,1
1895,1895,819,,4,2,2
1896,1896,819,,3,2,2
1897,1897,819,,4,2,1
1898,1898,819,,4,3,1
1899,1899,819,,1,3,1
1900,1900,819,,5,1,1
1901,1901,819,,3,3,1
1902,1902,819,,5,2,2
1903,1903,498,,4,1,2
1904,1904,498,,4,2,1
1905,1905,498,,8,0,2
1906,1906,498,,4,3,3
1907,1907,495,,1,3,1
1908,1908,495,,4,0,3
1909,1909,495,,3,1,3
1910,1910,492,,4,3,3
1911,1911,495,,3,2,2
1912,1912,492,,4,1,1
1913,1913,819,,7,2,2
1914,1914,819,,1,3,1
1916,1916,495,,3,1,2
1917,1917,495,,4,1,2
1918,1918,495,,3,1,3
1919,1919,495,,4,1,1
1920,1920,495,,3,2,2
1921,1921,495,,1,1,1
1922,1922,819,,4,2,1
1923,1923,819,,2,1,1
1924,1924,819,,4,2,2
1925,1925,819,,4,2,1
1926,1926,819,,3,2,2
1927,1927,819,,1,2,1
1929,1929,819,,3,2,2
1930,1930,819,,4,2,2
1931,1931,819,,1,2,1
1933,1933,819,,3,2,1
1934,1934,503,,4,1,1
1935,1935,503,,2,1,1
1936,1936,503,,5,1,5
1937,1937,503,,4,0,1
1938,1938,502,,1,1,1
1940,1940,502,,4,2,1
1941,1941,502,,3,0,1
1942,1942,502,,5,1,1
1943,1943,502,,4,0,2
1944,1944,502,,3,2,1
1945,1945,502,,2,2,1
1946,1946,502,,4,1,2
1947,1947,502,,6,1,3
1948,1948,502,,3,2,2
1949,1949,502,,4,2,2
1950,1950,502,,2,2,2
1951,1951,502,,2,1,1
1952,1952,502,,4,1,2
1953,1953,502,,1,1,1
1954,1954,502,,1,1,1
1955,1955,502,,4,1,1
1956,1956,502,,4,1,1
1957,1957,502,,4,1,1
1958,1958,502,,3,2,1
1959,1959,502,,1,1,1
1960,1960,502,,1,1,1
1962,1962,502,,1,1,1
1963,1963,502,,1,1,1
1965,1965,502,,3,1,1
1966,1966,502,,3,0,1
1967,1967,503,,2,1,2
1968,1968,502,,1,1,1
1970,1970,469,,5,0,3
1971,1971,469,,2,2,1
1972,1972,502,,4,1,2
1973,1973,502,,3,0,1
1974,1974,464,,1,1,1
1977,1977,477,,4,3,1
1978,1978,465,,4,1,1
1979,1979,465,,4,2,1
1980,1980,502,,1,1,1
1984,1984,477,,4,2,2
1985,1985,477,,4,1,1
1986,1986,502,,4,1,2
1987,1987,502,,3,2,1
1988,1988,502,,7,1,1
1989,1989,502,,4,1,1
1990,1990,502,,1,1,1
1993,1993,578,,1,1,1
1995,1995,595,,1,6,1
2001,2001,752,,5,4,1
2002,2002,753,,1,2,1
2004,2004,751,,5,3,4
2005,2005,751,,8,2,1
2006,2006,752,,4,2,1
2007,2007,752,,4,3,2
2008,2008,752,,4,4,2
2009,2009,751,,4,3,3
2010,2010,754,,7,2,4
2011,2011,752,,1,6,1
2012,2012,749,,1,1,1
2014,2014,752,,4,2,1
2015,2015,751,,3,3,1
2016,2016,751,,4,3,1
2017,2017,366,,1,1,1
2021,2021,365,,4,6,1
2022,2022,394,,8,2,1
2023,2023,419,,5,2,1
2024,2024,393,,4,3,1
2025,2025,366,,1,1,1
2027,2027,394,,3,5,1
2028,2028,417,,4,2,1
2029,2029,366,,7,2,2
2030,2030,365,,4,4,2
2031,2031,394,,3,4,2
2032,2032,366,,4,2,1
2033,2033,366,,6,2,3
2034,2034,366,,8,3,2
2035,2035,366,,1,2,1
2037,2037,394,,7,2,1
2038,2038,398,,6,2,1
2039,2039,396,,1,3,1
2041,2041,396,,4,6,1
2042,2042,366,,2,2,1
2043,2043,366,,5,1,3
2044,2044,366,,6,3,4
2045,2045,366,,3,4,2
2046,2046,366,,1,1,1
2048,2048,366,,1,2,1
2052,2052,366,,7,1,2
2053,2053,365,,1,2,1
2055,2055,394,,1,3,1
2058,2058,892,,1,2,1
2060,2060,366,,3,2,3
2061,2061,366,,5,1,2
2062,2062,366,,3,2,2
2063,2063,366,,4,1,1
2064,2064,366,,6,2,5
2065,2065,366,,2,2,1
2066,2066,366,,4,1,1
2067,2067,366,,4,2,2
2068,2068,366,,5,3,2
2069,2069,366,,1,2,1
2070,2070,366,,1,1,1
2071,2071,397,,4,1,1
2072,2072,397,,1,1,1
2074,2074,366,,4,1,2
2075,2075,366,,3,2,2
2076,2076,366,,1,1,1
2078,2078,366,,3,1,1
2079,2079,366,,4,1,2
2080,2080,394,,5,2,2
2081,2081,394,,4,3,1
2082,2082,394,,5,2,2
2083,2083,394,,1,2,1
2085,2085,418,,7,2,4
2086,2086,419,,1,7,1
2088,2088,418,,2,4,1
2089,2089,366,,4,2,1
2090,2090,418,,1,2,1
2093,2093,251,,1,5,1
2096,2096,254,,1,4,1
2099,2099,819,,1,2,1
2101,2101,834,,6,7,3
2102,2102,251,,1,5,1
2104,2104,817,,2,2,2
2105,2105,817,,2,1,2
2106,2106,817,,4,2,3
2107,2107,817,,5,3,1
2108,2108,817,,4,2,2
2109,2109,819,,3,2,1
2110,2110,819,,2,2,1
2111,2111,834,,3,0,2
2112,2112,834,,4,0,1
2113,2113,834,,2,1,1
2114,2114,834,,4,2,1
2115,2115,1356,,4,2,1
2116,2116,1356,,1,2,1
2119,2119,819,,1,3,1
2121,2121,835,,1,1,1
2122,2122,835,,4,1,1
2123,2123,835,,3,1,1
2124,2124,835,,3,0,1
2125,2125,835,,2,1,2
2126,2126,835,,5,1,5
2127,2127,835,,2,0,2
2128,2128,835,,2,1,1
2129,2129,835,,4,1,3
2130,2130,251,,4,3,2
2131,2131,251,,5,4,2
2132,2132,250,,9,4,3
2133,2133,250,,1,5,1
2136,2136,257,,1,4,1
2139,2139,250,,1,4,1
2141,2141,819,,5,2,1
2142,2142,819,,3,2,2
2143,2143,1356,,4,2,1
2144,2144,1356,,1,2,1
2147,2147,488,,1,3,1
2149,2149,488,,2,1,1
2150,2150,821,,3,1,3
2151,2151,821,,5,1,1
2152,2152,821,,3,1,1
2153,2153,821,,4,1,2
2154,2154,821,,1,2,1
2156,2156,821,,5,3,1
2157,2157,821,,9,0,2
2158,2158,821,,4,4,1
2159,2159,821,,2,0,2
2160,2160,468,,3,1,2
2161,2161,469,,4,1,1
2162,2162,468,,3,1,1
2163,2163,469,,3,1,2
2164,2164,468,,8,1,3
2165,2165,467,,1,5,1
2166,2166,538,,2,1,1
2167,2167,538,,4,2,2
2168,2168,469,,4,2,2
2169,2169,469,,5,1,2
2170,2170,469,,1,2,1
2172,2172,951,,5,2,1
2173,2173,761,,4,3,2
2174,2174,761,,2,2,2
2175,2175,761,,4,2,1
2176,2176,817,,3,1,3
2177,2177,821,,5,0,1
2178,2178,502,,4,1,1
2179,2179,502,,6,1,2
2180,2180,502,,3,1,2
2181,2181,821,,3,1,1
2182,2182,821,,4,1,2
2183,2183,821,,3,2,1
2184,2184,496,,1,1,1
2186,2186,496,,5,3,2
2187,2187,496,,4,2,1
2188,2188,496,,5,2,3
2189,2189,496,,3,3,2
2190,2190,498,,4,1,1
2191,2191,498,,3,1,2
2192,2192,498,,5,2,2
2193,2193,491,,5,2,1
2194,2194,498,,3,2,2
2195,2195,498,,8,1,2
2196,2196,253,,3,5,2
2197,2197,468,,3,3,3
2198,2198,468,,2,3,2
2199,2199,468,,4,1,2
2200,2200,468,,1,2,1
2203,2203,502,,1,2,1
2205,2205,502,,1,1,1
2208,2208,502,,3,1,2
2209,2209,502,,1,2,1
2211,2211,502,,6,2,1
2212,2212,505,,4,2,1
2213,2213,505,,1,2,1
2217,2217,610,,6,1,2
2218,2218,610,,2,2,1
2219,2219,625,,1,2,1
2221,2221,749,,4,2,1
2222,2222,749,,1,2,1
2224,2224,495,,5,3,1
2225,2225,495,,5,2,1
2226,2226,389,,4,2,1
2227,2227,389,,3,1,2
2228,2228,389,,4,1,2
2229,2229,389,,7,2,3
2230,2230,611,,1,3,1
2232,2232,741,,2,2,2
2233,2233,740,,4,2,1
2234,2234,741,,4,4,1
2235,2235,635,,5,2,1
2236,2236,635,,5,1,1
2237,2237,745,,3,2,2
2238,2238,744,,4,2,2
2239,2239,1342,,5,2,1
2240,2240,1342,,5,3,2
2241,2241,389,,2,2,1
2242,2242,389,,4,2,4
2243,2243,527,,10,1,10
2244,2244,538,,3,0,2
2245,2245,538,,4,1,2
2246,2246,750,,1,3,1
2248,2248,743,,5,4,2
2249,2249,389,,2,2,2
2250,2250,1342,,1,1,1
2252,2252,637,,6,1,3
2253,2253,637,,7,5,4
2254,2254,637,,5,3,4
2255,2255,638,,5,3,3
2256,2256,671,,4,3,2
2257,2257,538,,3,2,2
2258,2258,527,,4,4,1
2259,2259,538,,2,1,1
2260,2260,750,,4,2,1
2261,2261,750,,1,3,1
2263,2263,761,,4,3,1
2264,2264,761,,1,3,1
2266,2266,635,,4,2,2
2267,2267,635,,5,2,1
2268,2268,638,,1,1,1
2270,2270,756,,6,1,2
2271,2271,773,,5,3,1
2272,2272,1022,,1,2,1
2274,2274,821,,2,1,1
2275,2275,821,,1,0,1
2277,2277,1022,,4,2,2
2278,2278,834,,4,1,2
2279,2279,834,,3,2,2
2280,2280,834,,3,9,2
2281,2281,821,,4,2,1
2282,2282,1022,,4,2,1
2283,2283,834,,3,1,1
2284,2284,821,,3,2,2
2285,2285,821,,7,2,2
2286,2286,1022,,4,4,1
2287,2287,821,,3,2,1
2288,2288,821,,6,1,4
2289,2289,821,,1,4,1
2291,2291,817,,1,0,1
2292,2292,817,,3,1,1
2293,2293,817,,3,1,1
2294,2294,817,,3,2,1
2295,2295,1022,,4,1,1
2296,2296,834,,1,1,1
2298,2298,683,,3,2,2
2299,2299,1022,,1,2,1
2300,2300,834,,3,0,2
2301,2301,834,,1,1,1
2317,2317,389,,1,2,1
2320,2320,1022,,3,2,1
2321,2321,1022,,3,1,1
2322,2322,1022,,3,1,2
2323,2323,1022,,5,3,1
2324,2324,1022,,5,2,1
2325,2325,1022,,7,1,1
2326,2326,1022,,1,2,1
2330,2330,819,,5,2,1
2331,2331,819,,7,3,4
2332,2332,819,,4,4,3
2333,2333,819,,7,2,1
2334,2334,18015,,9,4,4
2335,2335,18015,,5,7,3
2336,2336,256,,4,4,2
2337,2337,389,,1,3,1
2339,2339,359,,7,2,3
2340,2340,18015,,4,4,2
2341,2341,18015,,3,2,3
2342,2342,18015,,5,0,2
2343,2343,18015,,4,1,4
2344,2344,18015,,1,0,1
2348,2348,18015,,1,3,1
2350,2350,18015,,1,4,1
2352,2352,18015,,3,2,1
2353,2353,1022,,1,2,1
2354,2354,1022,,4,1,2
2355,2355,1022,,5,2,1
2356,2356,1022,,1,2,1
2358,2358,816,,2,4,1
2359,2359,1022,,2,2,1
2360,2360,1022,,5,2,1
2361,2361,1022,,1,3,1
2363,2363,1022,,1,2,1
2365,2365,816,,4,2,2
2366,2366,816,,1,2,1
2368,2368,255,,1,3,1
2370,2370,18401,,4,4,1
2371,2371,18401,,4,2,1
2372,2372,162,,2,1,1
2373,2373,162,,5,1,1
2374,2374,18401,,4,2,1
2375,2375,18401,,4,2,1
2376,2376,18401,,4,2,2
2377,2377,18401,,5,2,2
2378,2378,18401,,5,2,1
2379,2379,18401,,1,1,1
2381,2381,18401,,4,2,1
2382,2382,18401,,5,2,2
2383,2383,18401,,5,3,1
2384,2384,18401,,7,1,1
2385,2385,18401,,5,3,4
2386,2386,18401,,1,4,1
2388,2388,18401,,3,4,1
2389,2389,18401,,2,2,1
2390,2390,18401,,4,2,1
2391,2391,18401,,3,2,3
2392,2392,18401,,5,2,2
2393,2393,18401,,4,4,1
2394,2394,18401,,6,2,3
2395,2395,18401,,4,3,2
2396,2396,18402,,4,4,3
2397,2397,18401,,2,2,2
2398,2398,18401,,1,2,1
2401,2401,18401,,5,2,1
2402,2402,18401,,4,1,2
2403,2403,18401,,1,2,1
2406,2406,810,,4,4,1
2407,2407,810,,5,2,2
2408,2408,810,,4,3,3
2409,2409,18401,,1,3,1
2411,2411,763,,1,6,1
2413,2413,763,,1,1,1
2415,2415,763,,3,2,1
2416,2416,763,,3,1,2
2417,2417,763,,1,2,1
2418,2418,763,,3,1,1
2419,2419,744,,3,2,2
2420,2420,748,,1,2,1
2422,2422,633,,5,3,1
2423,2423,39029,,3,2,1
2424,2424,638,,4,1,1
2425,2425,18401,,5,2,1
2426,2426,18401,,5,2,3
2427,2427,170,,5,2,2
2428,2428,170,,5,2,3
2429,2429,65,,1,1,1
2432,2432,94,,6,2,2
2433,2433,138,,5,2,1
2434,2434,138,,7,2,1
2435,2435,138,,6,1,1
2436,2436,169,,1,1,1
2439,2439,162,,6,2,3
2440,2440,147,,1,4,1
2442,2442,170,,5,3,3
2443,2443,65,,6,3,5
2444,2444,136,,7,2,4
2445,2445,136,,1,3,1
2447,2447,136,,5,1,1
2448,2448,170,,1,1,1
2450,2450,170,,4,3,2
2451,2451,170,,2,1,2
2452,2452,170,,4,0,2
2453,2453,170,,5,1,3
2454,2454,100,,5,2,1
2455,2455,100,,3,2,2
2456,2456,170,,6,2,4
2457,2457,170,,1,4,1
2460,2460,170,,4,2,1
2461,2461,170,,4,1,1
2462,2462,170,,4,1,1
2463,2463,108,,4,1,3
2464,2464,108,,4,2,3
2465,2465,111,,5,2,3
2466,2466,113,,1,2,1
2468,2468,100,,1,1,1
2469,2469,126,,2,1,2
2470,2470,126,,2,0,2
2471,2471,126,,1,1,1
2473,2473,168,,1,0,1
2476,2476,39048,,1,0,1
2478,2478,39048,,4,0,3
2479,2479,39048,,2,4,1
2480,2480,39004,,5,1,1
2481,2481,39004,,12,1,12
2482,2482,39048,,3,1,3
2483,2483,39004,,3,0,3
2484,2484,531,,3,0,3
2485,2485,531,,4,0,4
2486,2486,39004,,6,0,6
2487,2487,39048,,6,0,5
2488,2488,39048,,4,0,1
2489,2489,39004,,4,1,4
2490,2490,39004,,1,0,1
2492,2492,39004,,5,1,5
2493,2493,39004,,4,0,4
2494,2494,39004,,1,1,1
2496,2496,39004,,4,3,4
2497,2497,39004,,6,0,6
2498,2498,39004,,1,1,1
2501,2501,39004,,1,0,1
2503,2503,531,,3,1,2
2504,2504,39048,,2,1,2
2505,2505,39048,,2,0,2
2506,2506,39048,,1,0,1
2510,2510,16005,,5,0,5
2511,2511,16005,,2,0,2
2512,2512,16005,,3,0,3
2513,2513,16005,,6,0,6
2514,2514,16005,,4,0,4
2515,2515,16005,,6,0,6
2516,2516,16005,,5,0,5
2517,2517,16005,,5,0,5
2518,2518,16005,,6,0,6
2519,2519,16005,,6,0,6
2520,2520,16005,,5,0,5
2521,2521,16005,,5,0,5
2522,2522,16005,,5,0,5
2523,2523,16011,,5,0,5
2524,2524,16011,,3,0,3
2525,2525,16011,,1,0,1
2526,2526,26002,,3,0,1
2527,2527,26002,,3,1,1
2528,2528,26002,,5,1,2
2529,2529,26002,,3,2,2
2530,2530,26002,,2,2,1
2531,2531,26002,,3,1,3
2532,2532,26002,,3,0,2
2533,2533,16005,,3,1,2
2534,2534,26002,,6,1,6
2535,2535,26002,,5,0,5
2536,2536,16005,,5,0,5
2537,2537,16005,,5,0,5
2538,2538,16005,,5,0,5
2539,2539,16005,,5,0,5
2540,2540,16005,,3,0,3
2541,2541,26002,,3,0,3
2542,2542,26002,,3,0,3
2543,2543,26002,,1,0,1
2545,2545,26002,,3,0,3
2546,2546,26002,,6,0,6
2547,2547,26002,,8,0,8
2548,2548,26002,,2,0,2
2549,2549,26002,,2,1,2
2550,2550,26002,,10,2,10
2551,2551,26002,,5,0,5
2552,2552,16005,,7,0,7
2553,2553,16005,,6,0,6
2554,2554,16005,,4,0,4
2555,2555,16005,,3,0,3
2556,2556,16005,,2,0,2
2557,2557,16005,,2,0,1
2558,2558,26002,,3,1,1
2559,2559,26002,,9,0,9
2560,2560,26002,,9,0,9
2561,2561,26002,,1,0,1
2565,2565,26002,,3,1,1
2566,2566,16003,,7,2,7
2567,2567,26002,,6,0,6
2568,2568,26002,,4,0,4
2569,2569,26002,,4,0,4
2570,2570,26002,,4,0,4
2571,2571,26002,,5,0,5
2572,2572,16005,,8,5,8
2573,2573,16005,,1,2,1
2576,2576,16005,,4,0,4
2577,2577,16005,,7,0,7
2578,2578,16005,,3,0,3
2579,2579,16005,,7,0,7
2580,2580,16005,,5,0,5
2581,2581,714,,6,0,6
2582,2582,714,,5,0,5
2583,2583,714,,6,0,6
2584,2584,714,,6,0,6
2585,2585,714,,6,0,6
2586,2586,714,,6,0,6
2587,2587,714,,6,0,6
2588,2588,714,,6,0,6
2589,2589,714,,6,0,6
2590,2590,714,,6,0,6
2591,2591,714,,6,0,6
2592,2592,714,,6,0,6
2593,2593,714,,4,0,4
2594,2594,714,,4,0,4
2595,2595,714,,6,0,6
2596,2596,714,,4,0,4
2597,2597,714,,2,0,2
2598,2598,714,,4,0,4
2599,2599,714,,4,0,4
2600,2600,714,,3,0,3
2601,2601,714,,6,0,6
2602,2602,714,,6,0,6
2603,2603,714,,3,0,3
2604,2604,714,,4,0,4
2605,2605,714,,4,0,4
2606,2606,715,,4,0,4
2607,2607,715,,4,0,4
2608,2608,715,,4,0,4
2609,2609,714,,4,0,4
2610,2610,714,,2,4,2
2611,2611,714,,5,2,5
2612,2612,714,,3,1,3
2613,2613,714,,6,1,6
2614,2614,714,,6,0,6
2615,2615,714,,6,0,6
2616,2616,714,,6,0,6
2617,2617,714,,6,0,6
2618,2618,714,,4,0,4
2619,2619,714,,4,0,4
2620,2620,714,,4,0,4
2621,2621,714,,4,0,4
2622,2622,714,,4,0,4
2623,2623,714,,4,1,4
2624,2624,714,,1,0,1
2626,2626,714,,4,0,4
2627,2627,714,,3,0,3
2628,2628,714,,4,0,4
2629,2629,714,,4,0,4
2630,2630,714,,3,0,3
2631,2631,714,,5,0,5
2632,2632,714,,6,0,6
2633,2633,714,,5,0,5
2634,2634,714,,1,0,1
2639,2639,714,,8,0,8
2640,2640,714,,3,0,3
2641,2641,714,,4,0,4
2642,2642,714,,3,0,3
2643,2643,714,,6,0,6
2644,2644,714,,6,0,6
2645,2645,714,,1,0,1
2647,2647,714,,4,0,4
2648,2648,714,,3,0,3
2649,2649,714,,3,0,3
2650,2650,714,,3,0,3
2651,2651,714,,4,0,4
2652,2652,714,,4,0,4
2653,2653,714,,5,0,5
2654,2654,714,,5,0,5
2655,2655,714,,3,0,3
2656,2656,612,,3,1,1
2657,2657,612,,4,1,1
2658,2658,616,,1,3,1
2660,2660,616,,1,6,1
2661,2661,620,,7,1,3
2662,2662,620,,2,4,1
2663,2663,620,,4,1,3
2664,2664,614,,1,2,1
2667,2667,620,,4,2,1
2668,2668,620,,4,3,1
2669,2669,616,,5,2,3
2670,2670,616,,2,3,1
2671,2671,621,,4,2,2
2672,2672,623,,4,3,2
2673,2673,623,,5,3,2
2674,2674,623,,1,4,1
2676,2676,645,,4,2,1
2677,2677,620,,1,2,1
2679,2679,620,,3,2,1
2680,2680,620,,5,1,2
2681,2681,614,,4,2,2
2682,2682,614,,5,2,2
2683,2683,623,,5,3,2
2684,2684,620,,4,2,2
2685,2685,620,,5,2,2
2686,2686,612,,5,2,2
2687,2687,616,,3,2,2
2688,2688,614,,4,5,1
2689,2689,614,,6,2,4
2690,2690,614,,4,6,2
2691,2691,614,,3,3,1
2692,2692,614,,1,1,1
2694,2694,764,,1,2,1
2700,2700,1457,,4,1,1
2701,2701,1457,,1,2,1
2702,2702,1458,,2,1,2
2703,2703,1458,,1,2,1
2704,2704,1458,,1,1,1
2705,2705,1458,,1,1,1
2708,2708,978,,3,1,1
2709,2709,978,,1,1,1
2710,2710,978,,2,1,2
2711,2711,979,,2,1,1
2712,2712,973,,1,1,1
2713,2713,977,,4,0,2
2714,2714,1457,,5,2,2
2715,2715,1457,,3,1,1
2716,2716,1457,,2,2,1
2717,2717,1457,,2,1,1
2718,2718,1457,,3,1,1
2719,2719,1457,,3,1,1
2720,2720,1457,,1,1,1
2721,2721,1457,,1,1,1
2722,2722,1457,,1,0,1
2723,2723,1457,,1,1,1
2724,2724,1457,,1,1,1
2726,2726,1457,,1,1,1
2727,2727,978,,1,0,1
2729,2729,978,,2,1,2
2730,2730,978,,1,2,1
2731,2731,978,,2,1,2
2732,2732,978,,2,2,2
2733,2733,978,,5,2,2
2734,2734,1457,,5,1,2
2735,2735,1457,,3,2,1
2736,2736,1457,,2,2,1
2737,2737,1457,,3,0,2
2738,2738,1458,,1,2,1
2740,2740,1458,,1,0,1
2741,2741,1458,,4,1,1
2742,2742,1458,,2,2,2
2743,2743,1458,,3,1,1
2744,2744,1458,,1,0,1
2745,2745,1458,,1,1,1
2746,2746,1458,,4,1,1
2747,2747,1458,,2,1,2
2748,2748,1458,,2,2,2
2749,2749,1458,,4,1,1
2750,2750,1458,,2,1,2
2751,2751,1458,,1,1,1
2754,2754,232,,1,1,1
2757,2757,232,,5,3,4
2758,2758,232,,1,4,1
2763,2763,232,,5,3,1
2764,2764,232,,6,2,1
2765,2765,232,,4,3,1
2766,2766,232,,1,2,1
2767,2767,232,,1,1,1
2768,2768,232,,4,0,1
2769,2769,232,,1,1,1
2775,2775,232,,8,1,3
2776,2776,232,,2,5,2
2777,2777,232,,4,2,3
2778,2778,232,,1,6,1
2781,2781,193,,5,2,1
2782,2782,193,,5,2,3
2783,2783,193,,2,2,1
2784,2784,193,,5,1,1
2785,2785,193,,1,1,1
2789,2789,194,,1,3,1
2791,2791,194,,6,2,1
2792,2792,190,,1,2,1
2794,2794,192,,5,2,2
2795,2795,193,,3,2,1
2796,2796,190,,4,5,2
2797,2797,184,,5,1,1
2798,2798,190,,1,1,1
2801,2801,194,,1,1,1
2808,2808,190,,4,2,1
2809,2809,193,,1,2,1
2811,2811,192,,5,2,2
2812,2812,195,,2,2,2
2813,2813,194,,3,3,1
2814,2814,194,,4,2,2
2815,2815,194,,2,1,1
2816,2816,194,,1,2,1
2821,2821,193,,1,2,1
2825,2825,192,,3,2,2
2826,2826,192,,1,2,1
2828,2828,193,,6,2,1
2829,2829,193,,4,2,2
2830,2830,193,,1,2,1
2833,2833,190,,1,2,1
2835,2835,190,,1,2,1
2839,2839,221,,4,1,3
2840,2840,228,,2,2,1
2841,2841,230,,1,3,1
2842,2842,230,,3,4,2
2843,2843,230,,1,5,1
2844,2844,230,,2,1,2
2845,2845,230,,2,3,2
2846,2846,230,,1,3,1
2848,2848,230,,4,0,1
2849,2849,500,,3,1,1
2850,2850,500,,3,1,1
2851,2851,500,,3,1,1
2852,2852,500,,1,1,1
2854,2854,228,,3,2,2
2855,2855,228,,1,1,1
2857,2857,228,,3,1,1
2858,2858,228,,1,5,1
2860,2860,225,,4,4,3
2861,2861,225,,3,6,1
2862,2862,228,,8,1,7
2863,2863,225,,5,2,2
2864,2864,228,,5,2,5
2865,2865,205,,4,0,4
2866,2866,205,,3,0,3
2867,2867,203,,5,0,5
2868,2868,203,,1,0,1
2876,2876,231,,3,1,3
2877,2877,231,,5,0,5
2878,2878,258,,3,0,2
2879,2879,204,,1,1,1
2882,2882,204,,2,0,2
2883,2883,205,,5,0,4
2884,2884,205,,4,0,4
2885,2885,205,,1,0,1
2888,2888,221,,1,2,1
2891,2891,221,,1,6,1
2895,2895,230,,2,1,2
2896,2896,230,,6,0,3
2897,2897,221,,5,4,1
2898,2898,212,,5,2,1
2899,2899,212,,1,2,1
2902,2902,221,,1,1,1
2903,2903,221,,1,0,1
2908,2908,212,,3,2,2
2909,2909,212,,1,3,1
2910,2910,212,,1,2,1
2912,2912,229,,5,1,2
2913,2913,227,,1,1,1
2915,2915,227,,6,6,3
2916,2916,227,,3,4,1
2917,2917,227,,1,1,1
2921,2921,221,,2,1,2
2922,2922,221,,11,0,7
2923,2923,221,,10,9,1
2924,2924,221,,6,4,2
2925,2925,212,,1,2,1
2926,2926,212,,1,1,1
2928,2928,39042,,1,3,1
2937,2937,39042,,1,4,1
2939,2939,39004,,2,0,2
2940,2940,39004,,2,1,1
2941,2941,39004,,12,2,12
2942,2942,39004,,5,1,3
2943,2943,39004,,4,5,1
2944,2944,39004,,1,3,1
2946,2946,532,,1,0,1
2948,2948,533,,6,0,6
2949,2949,533,,1,1,1
2953,2953,39042,,1,1,1
2955,2955,39048,,1,1,1
2958,2958,39004,,6,1,6
2959,2959,39004,,3,2,1
2960,2960,39004,,7,1,7
2961,2961,39004,,8,0,2
2962,2962,39007,,1,3,1
2964,2964,39007,,5,3,1
2965,2965,39007,,1,4,1
2968,2968,532,,4,0,4
2969,2969,532,,1,0,1
2972,2972,193,,4,1,4
2973,2973,531,,1,0,1
2977,2977,39046,,2,1,1
2978,2978,39046,,5,2,5
2979,2979,535,,5,0,2
2980,2980,531,,1,2,1
2982,2982,530,,1,1,1
2984,2984,535,,4,2,3
2985,2985,242,,3,5,1
2986,2986,535,,4,3,1
2987,2987,535,,4,3,1
2988,2988,535,,1,2,1
2990,2990,535,,5,2,5
2991,2991,531,,2,0,2
2992,2992,531,,4,0,2
2993,2993,531,,5,2,1
2994,2994,531,,1,3,1
2996,2996,39043,,4,3,1
2997,2997,39043,,4,1,1
2998,2998,39043,,1,2,1
3002,3002,533,,10,4,5
3003,3003,533,,3,5,2
3004,3004,533,,4,1,3
3005,3005,533,,3,1,3
3006,3006,532,,7,2,3
3007,3007,533,,3,4,2
3008,3008,532,,4,1,1
3009,3009,532,,4,1,4
3010,3010,532,,3,0,3
3011,3011,532,,7,0,1
3012,3012,39046,,3,2,1
3013,3013,39046,,2,2,1
3014,3014,39046,,4,1,1
3015,3015,39046,,6,2,1
3016,3016,39046,,1,2,1
3029,3029,532,,9,1,9
3030,3030,39004,,15,0,15
3031,3031,39004,,3,0,3
3032,3032,533,,1,1,1
3035,3035,533,,1,0,1
3037,3037,573,,3,0,3
3038,3038,567,,7,0,7
3039,3039,567,,2,0,2
3040,3040,567,,7,0,3
3041,3041,644,,5,2,1
3042,3042,644,,4,3,1
3043,3043,644,,4,2,1
3044,3044,644,,1,1,1
3050,3050,644,,12,0,1
3051,3051,533,,4,6,1
3052,3052,573,,1,2,1
3054,3054,644,,1,5,1
3056,3056,572,,1,4,1
3059,3059,513,,8,2,4
3060,3060,522,,5,4,1
3061,3061,522,,4,3,1
3062,3062,522,,7,2,5
3063,3063,768,,5,2,5
3064,3064,768,,4,0,1
3065,3065,768,,3,1,2
3066,3066,572,,1,2,1
3078,3078,645,,3,2,2
3079,3079,644,,1,1,1
3081,3081,567,,4,1,3
3082,3082,567,,6,2,2
3083,3083,567,,5,2,2
3084,3084,567,,4,3,2
3085,3085,567,,10,2,10
3086,3086,567,,1,0,1
3088,3088,684,,8,3,2
3089,3089,39023,,12,4,12
3090,3090,567,,1,0,1
3094,3094,39031,,1,4,1
3096,3096,656,,1,4,1
3100,3100,567,,3,1,3
3101,3101,567,,4,0,1
3102,3102,533,,6,2,4
3103,3103,533,,4,3,1
3104,3104,532,,2,3,1
3105,3105,39046,,2,1,2
3106,3106,39046,,3,2,2
3107,3107,535,,6,2,3
3108,3108,535,,4,3,2
3109,3109,535,,1,2,1
3111,3111,535,,1,2,1
3114,3114,39046,,4,2,1
3115,3115,39046,,1,2,1
3116,3116,39046,,5,2,5
3117,3117,518,,6,4,1
3118,3118,516,,6,2,3
3119,3119,516,,1,3,1
3121,3121,513,,4,1,3
3122,3122,617,,2,2,1
3123,3123,617,,5,2,1
3124,3124,617,,2,1,2
3125,3125,617,,2,0,1
3126,3126,617,,4,2,1
3127,3127,617,,5,2,1
3128,3128,617,,2,1,1
3129,3129,518,,1,1,1
3131,3131,513,,9,2,3
3132,3132,516,,4,6,2
3133,3133,514,,1,2,1
3135,3135,512,,6,1,6
3136,3136,512,,5,2,3
3137,3137,516,,4,2,3
3138,3138,514,,4,4,1
3139,3139,39053,,4,2,1
3140,3140,518,,6,2,3
3141,3141,616,,6,2,1
3142,3142,516,,6,2,3
3143,3143,516,,1,3,1
3145,3145,530,,1,2,1
3146,3146,531,,3,1,2
3147,3147,531,,7,1,2
3148,3148,516,,7,2,2
3149,3149,516,,7,2,4
3150,3150,39054,,3,9,1
3151,3151,39054,,2,1,2
3152,3152,978,,2,2,2
3153,3153,978,,6,1,3
3154,3154,516,,2,2,2
3155,3155,978,,1,2,1
3156,3156,978,,5,0,3
3157,3157,39054,,6,4,3
3158,3158,39054,,4,4,1
3159,3159,978,,1,1,1
3160,3160,978,,1,0,1
3161,3161,978,,3,0,2
3162,3162,978,,6,3,1
3163,3163,516,,4,3,2
3164,3164,516,,5,1,3
3165,3165,39054,,5,3,1
3166,3166,39054,,2,2,1
3167,3167,978,,1,0,1
3169,3169,978,,2,1,1
3170,3170,978,,1,1,1
3171,3171,978,,1,1,1
3172,3172,978,,2,1,1
3173,3173,978,,2,1,1
3174,3174,978,,1,1,1
3176,3176,703,,1,5,1
3178,3178,971,,2,1,1
3179,3179,971,,4,2,1
3180,3180,971,,2,0,1
3181,3181,971,,2,1,2
3182,3182,971,,2,2,1
3183,3183,971,,2,1,1
3184,3184,971,,1,2,1
3185,3185,971,,1,1,1
3186,3186,971,,1,2,1
3187,3187,971,,1,1,1
3189,3189,702,,1,2,1
3191,3191,711,,8,2,5
3192,3192,711,,7,5,2
3193,3193,706,,4,3,1
3194,3194,706,,1,3,1
3196,3196,710,,2,1,2
3197,3197,710,,1,2,1
3199,3199,711,,10,3,4
3200,3200,710,,6,5,3
3201,3201,706,,5,3,1
3202,3202,706,,1,2,1
3204,3204,710,,1,3,1
3206,3206,969,,4,2,2
3207,3207,969,,2,2,2
3208,3208,974,,2,2,2
3209,3209,974,,2,1,1
3210,3210,974,,1,1,1
3213,3213,703,,1,0,1
3214,3214,703,,5,1,1
3215,3215,703,,5,1,5
3216,3216,703,,3,4,1
3217,3217,703,,3,1,1
3218,3218,706,,2,1,1
3219,3219,706,,6,1,2
3220,3220,706,,6,2,2
3221,3221,702,,1,5,1
3223,3223,694,,1,3,1
3225,3225,694,,5,4,1
3226,3226,694,,5,3,2
3227,3227,694,,4,3,1
3228,3228,694,,9,1,4
3229,3229,694,,1,4,1
3233,3233,703,,8,0,7
3234,3234,702,,6,6,2
3235,3235,694,,7,1,1
3236,3236,694,,5,1,4
3237,3237,694,,1,6,1
3239,3239,694,,1,1,1
3241,3241,694,,6,3,4
3242,3242,694,,1,3,1
3245,3245,703,,3,10,1
3246,3246,703,,4,2,4
3247,3247,703,,1,4,1
3249,3249,694,,6,2,1
3250,3250,694,,4,3,4
3251,3251,694,,4,6,2
3252,3252,694,,1,2,1
3253,3253,694,,1,1,1
3255,3255,694,,6,3,3
3256,3256,694,,1,2,1
3258,3258,714,,3,1,1
3259,3259,714,,1,1,1
3261,3261,1431,,3,4,3
3262,3262,697,,2,0,2
3263,3263,697,,3,0,3
3264,3264,714,,3,0,3
3265,3265,714,,2,0,2
3266,3266,697,,3,0,3
3267,3267,714,,4,0,4
3268,3268,697,,1,0,1
3270,3270,1431,,1,5,1
3272,3272,714,,4,3,1
3273,3273,714,,3,1,1
3274,3274,714,,1,1,1
3278,3278,697,,4,3,1
3279,3279,714,,5,1,3
3280,3280,714,,5,1,1
3281,3281,714,,2,1,1
3282,3282,714,,2,1,1
3283,3283,714,,3,1,1
3284,3284,714,,3,1,1
3285,3285,697,,3,0,2
3286,3286,697,,3,0,3
3287,3287,697,,3,0,3
3288,3288,697,,1,0,1
3292,3292,1431,,3,8,3
3293,3293,697,,2,0,2
3294,3294,697,,3,0,3
3295,3295,697,,3,0,3
3296,3296,697,,3,0,3
3297,3297,697,,3,0,3
3298,3298,697,,3,0,3
3299,3299,697,,2,0,2
3300,3300,697,,3,0,3
3301,3301,697,,3,0,3
3302,3302,697,,1,0,1
3303,3303,16009,,3,1,1
3304,3304,16009,,4,1,1
3305,3305,16009,,2,1,1
3306,3306,16009,,1,1,1
3308,3308,16009,,2,1,2
3309,3309,16009,,1,0,1
3311,3311,16009,,2,1,2
3312,3312,16009,,2,0,1
3313,3313,16009,,3,0,1
3314,3314,16009,,2,1,1
3315,3315,16009,,1,1,1
3316,3316,16009,,6,0,6
3317,3317,16009,,6,0,6
3318,3318,16009,,6,0,6
3319,3319,16009,,5,0,5
3320,3320,16009,,4,0,1
3321,3321,16009,,1,1,1
3322,3322,16009,,3,1,3
3323,3323,16009,,2,1,2
3324,3324,16009,,2,2,2
3325,3325,16009,,5,0,5
3326,3326,16009,,5,0,5
3327,3327,16009,,5,0,5
3328,3328,16009,,5,0,5
3329,3329,16009,,5,0,5
3330,3330,16009,,12,0,12
3331,3331,16009,,6,0,6
3332,3332,16009,,5,0,5
3333,3333,16009,,6,0,6
3334,3334,16009,,6,0,6
3335,3335,16009,,4,0,4
3336,3336,16009,,4,0,4
3337,3337,16009,,4,0,4
3338,3338,16009,,4,0,4
3339,3339,16009,,4,0,4
3340,3340,16009,,3,0,3
3341,3341,16009,,6,0,6
3342,3342,16009,,4,0,4
3343,3343,16009,,4,0,4
3344,3344,16009,,6,0,6
3345,3345,16009,,4,0,4
3346,3346,16009,,1,0,1
3348,3348,16009,,4,0,4
3349,3349,16009,,2,0,2
3350,3350,16009,,3,1,3
3351,3351,16009,,6,1,1
3352,3352,16009,,5,1,2
3353,3353,16009,,1,2,1
3355,3355,16009,,3,1,2
3356,3356,16009,,3,1,1
3357,3357,16009,,2,1,1
3358,3358,16009,,3,1,1
3359,3359,16009,,1,1,1
3361,3361,16009,,2,1,2
3362,3362,16009,,3,0,1
3363,3363,16009,,1,1,1
3365,3365,16009,,5,0,5
3366,3366,16009,,5,0,1
3367,3367,828,,4,1,1
3368,3368,828,,5,1,1
3369,3369,828,,4,1,2
3370,3370,828,,2,2,1
3371,3371,828,,1,1,1
3373,3373,828,,3,2,2
3374,3374,828,,1,1,1
3376,3376,828,,1,1,1
3378,3378,828,,4,1,2
3379,3379,828,,4,1,1
3380,3380,828,,4,1,1
3381,3381,828,,3,1,3
3382,3382,828,,3,3,2
3383,3383,828,,4,2,1
3384,3384,828,,1,1,1
3387,3387,828,,1,2,1
3389,3389,828,,1,2,1
3391,3391,828,,2,1,2
3392,3392,828,,4,1,1
3393,3393,828,,2,1,1
3394,3394,828,,5,1,2
3395,3395,828,,1,2,1
3397,3397,828,,3,1,2
3398,3398,828,,7,1,7
3399,3399,828,,1,0,1
3402,3402,828,,1,1,1
3403,3403,828,,1,1,1
3405,3405,828,,3,1,3
3406,3406,828,,5,3,1
3407,3407,828,,1,1,1
3409,3409,828,,4,3,1
3410,3410,828,,6,1,1
3411,3411,828,,6,2,1
3412,3412,828,,2,2,1
3413,3413,828,,5,1,1
3414,3414,828,,4,1,1
3415,3415,828,,3,1,1
3416,3416,828,,5,0,2
3417,3417,828,,4,2,1
3418,3418,828,,4,2,1
3419,3419,828,,1,1,1
3423,3423,12001,,5,2,1
3424,3424,12001,,1,2,1
3426,3426,828,,4,2,3
3427,3427,828,,4,2,1
3428,3428,828,,4,1,2
3429,3429,828,,5,2,2
3430,3430,828,,6,2,2
3431,3431,828,,7,3,7
3432,3432,828,,5,0,1
3433,3433,828,,4,2,2
3434,3434,828,,1,2,1
3436,3436,828,,3,1,1
3437,3437,828,,4,1,2
3438,3438,828,,4,2,1
3439,3439,828,,2,1,1
3440,3440,828,,1,1,1
3442,3442,708,,6,5,1
3443,3443,532,,5,2,2
3444,3444,532,,6,2,4
3445,3445,532,,7,3,2
3446,3446,532,,1,4,1
3450,3450,567,,4,2,1
3451,3451,39030,,4,1,1
3452,3452,573,,1,2,1
3455,3455,708,,3,1,1
3456,3456,708,,6,1,2
3457,3457,708,,5,1,5
3458,3458,710,,3,1,1
3459,3459,708,,5,1,2
3460,3460,567,,5,2,1
3461,3461,567,,4,2,1
3462,3462,567,,4,2,2
3463,3463,567,,1,2,1
3467,3467,39031,,4,1,2
3468,3468,532,,6,2,2
3469,3469,532,,5,4,2
3470,3470,532,,4,2,2
3471,3471,532,,6,2,1
3472,3472,39031,,1,3,1
3474,3474,532,,1,5,1
3476,3476,39024,,10,3,2
3477,3477,39024,,5,4,1
3478,3478,39034,,5,1,2
3479,3479,39035,,3,7,1
3480,3480,567,,5,2,3
3481,3481,567,,3,2,2
3482,3482,567,,6,4,5
3483,3483,567,,4,2,2
3484,3484,828,,4,2,1
3485,3485,828,,3,2,1
3486,3486,828,,4,1,2
3487,3487,828,,2,2,2
3488,3488,828,,4,2,1
3489,3489,828,,2,2,2
3490,3490,828,,3,2,1
3491,3491,828,,4,1,1
3492,3492,828,,2,1,2
3493,3493,828,,1,1,1
3494,3494,828,,1,1,1
3496,3496,828,,2,1,1
3497,3497,828,,2,1,1
3498,3498,828,,1,1,1
3500,3500,828,,3,1,1
3501,3501,828,,2,1,2
3502,3502,828,,3,1,2
3503,3503,828,,4,2,3
3504,3504,828,,2,3,2
3505,3505,828,,5,2,2
3506,3506,828,,2,1,1
3507,3507,828,,4,2,1
3508,3508,828,,1,0,1
3509,3509,828,,1,1,1
3511,3511,828,,1,1,1
3515,3515,828,,3,1,1
3516,3516,828,,4,2,1
3517,3517,828,,2,2,1
3518,3518,828,,4,1,1
3519,3519,828,,4,1,1
3520,3520,828,,2,2,1
3521,3521,828,,4,1,2
3522,3522,828,,2,2,2
3523,3523,828,,2,2,2
3524,3524,828,,4,2,1
3525,3525,308,,2,1,1
3526,3526,308,,5,1,1
3527,3527,308,,1,1,1
3529,3529,292,,2,1,2
3530,3530,292,,1,0,1
3532,3532,292,,5,1,1
3533,3533,292,,5,2,1
3534,3534,294,,3,2,2
3535,3535,294,,1,2,1
3537,3537,292,,2,1,1
3538,3538,292,,1,1,1
3540,3540,294,,4,1,1
3541,3541,294,,3,1,1
3542,3542,294,,1,1,1
3545,3545,292,,1,1,1
3547,3547,355,,1,2,1
3549,3549,348,,6,4,2
3550,3550,348,,1,4,1
3552,3552,350,,7,3,1
3553,3553,350,,4,2,1
3554,3554,316,,3,1,1
3555,3555,316,,4,1,1
3556,3556,316,,4,1,1
3557,3557,316,,4,2,1
3558,3558,316,,1,1,1
3560,3560,348,,4,2,1
3561,3561,348,,4,2,2
3562,3562,348,,4,4,4
3563,3563,348,,5,4,3
3564,3564,348,,1,6,1
3566,3566,324,,1,1,1
3568,3568,324,,1,1,1
3570,3570,324,,4,1,2
3571,3571,324,,3,1,3
3572,3572,324,,2,2,2
3573,3573,324,,4,1,2
3574,3574,324,,3,1,1
3575,3575,324,,3,1,3
3576,3576,324,,3,1,1
3577,3577,324,,4,1,2
3578,3578,324,,2,1,1
3579,3579,324,,6,0,1
3580,3580,324,,1,2,1
3582,3582,324,,7,1,3
3583,3583,326,,3,2,2
3584,3584,326,,4,1,2
3585,3585,326,,6,1,1
3586,3586,326,,5,1,2
3587,3587,326,,4,2,2
3588,3588,326,,4,1,1
3589,3589,326,,1,1,1
3593,3593,321,,7,1,2
3594,3594,321,,1,3,1
3596,3596,324,,1,1,1
3598,3598,324,,1,2,1
3600,3600,325,,4,1,1
3601,3601,325,,4,1,2
3602,3602,325,,1,1,1
3605,3605,325,,8,1,3
3606,3606,325,,1,1,1
3610,3610,308,,5,2,2
3611,3611,308,,1,1,1
3613,3613,316,,3,1,1
3614,3614,316,,2,1,1
3615,3615,316,,3,1,1
3616,3616,316,,2,1,1
3617,3617,316,,1,1,1
3619,3619,316,,3,1,2
3620,3620,316,,4,1,4
3621,3621,433,,3,0,3
3622,3622,433,,3,0,2
3623,3623,434,,4,1,4
3624,3624,434,,4,0,4
3625,3625,434,,4,0,2
3626,3626,434,,6,0,6
3627,3627,434,,4,0,2
3628,3628,433,,2,0,2
3629,3629,433,,1,1,1
3632,3632,434,,7,1,7
3633,3633,434,,1,1,1
3635,3635,433,,1,1,1
3637,3637,433,,2,0,2
3638,3638,433,,3,1,2
3639,3639,433,,1,0,1
3640,3640,433,,1,0,1
3641,3641,433,,4,0,1
3642,3642,434,,1,1,1
3644,3644,434,,5,0,1
3645,3645,433,,4,1,1
3646,3646,433,,6,1,3
3647,3647,433,,2,1,1
3648,3648,434,,1,1,1
3649,3649,434,,4,0,1
3650,3650,434,,6,0,3
3651,3651,434,,3,1,1
3652,3652,434,,4,1,4
3653,3653,434,,3,1,1
3654,3654,433,,3,0,1
3655,3655,433,,3,0,1
3656,3656,433,,1,0,1
3658,3658,433,,1,0,1
3662,3662,301,,4,2,1
3663,3663,441,,8,2,8
3664,3664,441,,5,0,5
3665,3665,441,,1,0,1
3666,3666,441,,3,1,2
3667,3667,441,,2,1,2
3668,3668,441,,4,1,1
3669,3669,427,,4,2,1
3670,3670,427,,2,2,2
3671,3671,427,,2,1,2
3672,3672,427,,3,1,2
3673,3673,427,,3,1,3
3674,3674,427,,3,0,3
3675,3675,427,,1,1,1
3676,3676,427,,5,1,5
3677,3677,427,,2,2,2
3678,3678,427,,4,0,4
3679,3679,427,,1,0,1
3681,3681,441,,6,0,6
3682,3682,441,,7,0,7
3683,3683,441,,1,0,1
3685,3685,427,,1,2,1
3688,3688,427,,5,0,5
3689,3689,427,,1,0,1
3695,3695,1100,,1,3,1
3698,3698,1135,,1,0,1
3702,3702,1101,,4,3,1
3703,3703,458,,4,1,1
3704,3704,457,,3,1,1
3705,3705,457,,3,1,1
3706,3706,462,,4,1,2
3707,3707,457,,1,1,1
3709,3709,458,,3,1,2
3710,3710,457,,3,0,1
3711,3711,457,,3,0,2
3712,3712,457,,4,1,2
3713,3713,457,,2,0,1
3714,3714,457,,3,1,2
3715,3715,457,,3,1,2
3716,3716,457,,4,1,1
3717,3717,457,,3,1,2
3718,3718,457,,3,1,2
3719,3719,457,,2,1,2
3720,3720,459,,3,0,2
3721,3721,459,,4,1,1
3722,3722,459,,1,1,1
3725,3725,459,,1,1,1
3727,3727,459,,5,2,2
3728,3728,459,,4,2,2
3729,3729,459,,4,2,4
3730,3730,459,,2,0,2
3731,3731,459,,1,0,1
3733,3733,457,,3,0,1
3734,3734,457,,5,1,5
3735,3735,457,,2,0,1
3736,3736,457,,2,1,2
3737,3737,457,,5,1,1
3738,3738,457,,3,1,3
3739,3739,457,,1,0,1
3741,3741,457,,1,1,1
3743,3743,457,,5,0,2
3744,3744,457,,3,1,1
3745,3745,457,,1,0,1
3748,3748,461,,1,0,1
3751,3751,457,,8,2,3
3752,3752,94,,1,0,1
3754,3754,94,,5,1,5
3755,3755,94,,2,0,2
3756,3756,94,,3,0,3
3757,3757,94,,2,0,1
3758,3758,94,,3,1,2
3759,3759,94,,1,0,1
3763,3763,98,,1,0,1
3771,3771,162,,3,1,1
3772,3772,164,,1,1,1
3775,3775,129,,6,0,6
3776,3776,130,,1,0,1
3778,3778,124,,6,1,6
3779,3779,124,,1,0,1
3783,3783,164,,1,0,1
3786,3786,165,,1,0,1
3789,3789,165,,1,5,1
3792,3792,83,,4,0,3
3793,3793,83,,2,1,2
3794,3794,83,,6,0,6
3795,3795,83,,1,4,1
3797,3797,83,,1,4,1
3802,3802,10,,1,0,1
3805,3805,30,,1,1,1
3807,3807,30,,8,0,6
3808,3808,82,,1,2,1
3810,3810,59,,7,0,7
3811,3811,59,,1,0,1
3813,3813,59,,3,1,3
3814,3814,59,,4,0,1
3815,3815,59,,5,0,5
3816,3816,49,,6,0,2
3817,3817,30,,1,0,1
3819,3819,30,,1,0,1
3821,3821,82,,1,1,1
3824,3824,82,,4,0,4
3825,3825,13,,9,0,9
3826,3826,14,,3,0,3
3827,3827,14,,1,0,1
3829,3829,82,,1,0,1
3832,3832,83,,4,2,3
3833,3833,83,,4,1,4
3834,3834,83,,2,0,2
3835,3835,83,,1,0,1
3838,3838,83,,1,3,1
3840,3840,83,,1,1,1
3842,3842,85,,1,0,1
3845,3845,83,,6,0,6
3846,3846,83,,1,0,1
3851,3851,71,,3,0,2
3852,3852,71,,4,1,4
3853,3853,71,,1,0,1
3855,3855,71,,8,1,8
3856,3856,71,,1,0,1
3857,3857,108,,1,0,1
3859,3859,108,,1,0,1
3860,3860,108,,2,0,2
3861,3861,108,,1,0,1
3867,3867,93,,1,2,1
3869,3869,94,,7,0,3
3870,3870,98,,3,1,2
3871,3871,95,,4,0,4
3872,3872,95,,4,0,1
3873,3873,95,,2,1,1
3874,3874,94,,1,0,1
3875,3875,94,,1,0,1
3877,3877,94,,2,0,2
3878,3878,94,,4,0,4
3879,3879,94,,2,0,2
3880,3880,94,,2,1,1
3881,3881,94,,2,1,1
3882,3882,94,,1,0,1
3883,3883,94,,3,1,3
3884,3884,98,,2,2,2
3885,3885,94,,1,1,1
3886,3886,94,,1,1,1
3892,3892,111,,4,2,2
3893,3893,105,,1,1,1
3897,3897,112,,2,0,2
3898,3898,112,,1,1,1
3900,3900,112,,4,1,3
3901,3901,112,,4,1,2
3902,3902,112,,4,1,2
3903,3903,100,,4,1,1
3904,3904,100,,1,2,1
3907,3907,13,,1,0,1
3917,3917,105,,1,0,1
3919,3919,105,,1,1,1
3921,3921,94,,1,1,1
3927,3927,94,,1,0,1
3936,3936,117,,1,1,1
3941,3941,121,,1,6,1
3953,3953,162,,3,1,1
3954,3954,124,,2,2,2
3955,3955,124,,1,2,1
3957,3957,124,,1,0,1
4002,4002,152,,16,0,16
4003,4003,152,,1,0,1
4006,4006,29,,1,0,1
4008,4008,29,,2,0,2
4009,4009,29,,3,2,3
4010,4010,29,,1,0,1
4011,4011,29,,1,0,1
4012,4012,61,,2,1,2
4013,4013,61,,3,2,2
4014,4014,61,,3,0,3
4015,4015,61,,2,2,1
4016,4016,61,,1,2,1
4017,4017,61,,1,1,1
4019,4019,7,,1,0,1
4022,4022,61,,1,1,1
4024,4024,61,,6,0,1
4025,4025,23,,6,1,5
4026,4026,23,,1,2,1
4028,4028,23,,6,0,6
4029,4029,23,,1,0,1
4032,4032,5,,1,0,1
4035,4035,61,,2,1,1
4036,4036,61,,3,0,2
4037,4037,61,,1,0,1
4039,4039,7,,6,0,6
4040,4040,5,,3,0,3
4041,4041,61,,1,0,1
4045,4045,71,,6,0,6
4046,4046,42,,8,0,8
4047,4047,71,,4,0,4
4048,4048,71,,7,0,7
4049,4049,71,,1,1,1
4052,4052,43,,1,0,1
4053,4053,43,,6,0,6
4054,4054,30,,8,2,8
4055,4055,31,,1,2,1
4060,4060,36,,1,0,1
4061,4061,22,,7,0,7
4062,4062,22,,5,0,4
4063,4063,22,,2,0,2
4064,4064,22,,6,0,6
4065,4065,43,,10,0,10
4066,4066,42,,4,0,4
4067,4067,42,,1,0,1
4068,4068,20,,1,0,1
4072,4072,9,,6,0,5
4073,4073,19,,4,0,4
4074,4074,20,,8,0,8
4075,4075,19,,1,0,1
4078,4078,5,,1,1,1
4083,4083,31,,5,0,5
4084,4084,30,,6,0,6
4085,4085,5,,5,0,5
4086,4086,5,,6,0,6
4087,4087,6,,2,0,2
4088,4088,71,,1,0,1
4090,4090,71,,1,1,1
4094,4094,19,,3,1,3
4095,4095,42,,2,0,1
4096,4096,42,,9,0,9
4097,4097,42,,4,0,4
4098,4098,19,,4,1,2
4099,4099,19,,4,0,4
4100,4100,29,,2,0,2
4101,4101,45,,1,2,1
4103,4103,45,,1,1,1
4110,4110,13,,7,0,7
4111,4111,13,,1,0,1
4114,4114,52,,1,0,1
4117,4117,52,,1,1,1
4119,4119,29,,1,0,1
4121,4121,53,,1,1,1
4123,4123,53,,4,1,2
4124,4124,53,,1,1,1
4127,4127,52,,8,0,8
4128,4128,52,,6,0,6
4129,4129,52,,1,0,1
4132,4132,29,,7,0,7
4133,4133,27,,1,3,1
4136,4136,45,,5,0,5
4137,4137,45,,1,1,1
4140,4140,32,,1,0,1
4142,4142,34,,1,0,1
4144,4144,31,,1,0,1
4145,4145,51,,3,0,1
4146,4146,51,,1,1,1
4150,4150,18,,8,1,8
4151,4151,18,,6,0,6
4152,4152,18,,1,0,1
4159,4159,44,,1,0,1
4161,4161,5,,9,0,9
4162,4162,13,,1,0,1
4164,4164,13,,5,0,5
4165,4165,18,,1,0,1
4167,4167,18,,1,0,1
4171,4171,59,,1,0,1
4175,4175,63,,1,0,1
4176,4176,63,,1,0,1
4178,4178,79,,1,8,1
4180,4180,59,,3,0,3
4181,4181,59,,3,0,1
4182,4182,59,,1,0,1
4184,4184,59,,1,0,1
4187,4187,43,,1,3,1
4190,4190,47,,5,2,5
4191,4191,47,,1,0,1
4193,4193,30,,4,0,1
4194,4194,30,,3,0,1
4195,4195,30,,2,0,2
4196,4196,59,,1,1,1
4200,4200,63,,1,0,1
4201,4201,63,,4,1,2
4202,4202,63,,4,1,2
4203,4203,63,,4,1,4
4204,4204,63,,1,0,1
4206,4206,30,,1,0,1
4207,4207,30,,8,0,8
4208,4208,63,,2,0,2
4209,4209,63,,4,0,4
4210,4210,63,,1,0,1
4212,4212,63,,6,0,6
4213,4213,58,,1,0,1
4215,4215,79,,7,0,7
4216,4216,79,,8,1,8
4217,4217,63,,4,2,4
4218,4218,63,,3,0,3
4219,4219,63,,5,0,5
4220,4220,63,,12,1,12
4221,4221,47,,1,0,1
4226,4226,300,,5,0,5
4227,4227,300,,6,2,6
4228,4228,300,,1,0,1
4230,4230,300,,1,0,1
4234,4234,370,,1,4,1
4238,4238,308,,1,2,1
4239,4239,308,,1,0,1
4243,4243,367,,1,5,1
4245,4245,367,,4,2,1
4246,4246,367,,2,2,1
4247,4247,367,,6,2,2
4248,4248,367,,5,2,1
4249,4249,367,,1,1,1
4252,4252,367,,11,3,1
4253,4253,367,,7,5,3
4254,4254,367,,1,4,1
4257,4257,411,,6,7,1
4258,4258,411,,1,3,1
4265,4265,379,,1,2,1
4268,4268,379,,3,4,3
4269,4269,285,,7,3,7
4270,4270,285,,1,0,1
4272,4272,285,,6,1,2
4273,4273,285,,4,1,2
4274,4274,299,,3,1,2
4275,4275,299,,1,1,1
4277,4277,299,,4,2,1
4278,4278,299,,1,2,1
4280,4280,285,,4,0,4
4281,4281,285,,1,0,1
4283,4283,285,,1,1,1
4286,4286,181,,3,7,1
4287,4287,171,,1,2,1
4293,4293,171,,1,2,1
4295,4295,168,,7,0,7
4296,4296,168,,4,1,1
4297,4297,170,,3,1,1
4298,4298,170,,1,1,1
4301,4301,170,,1,0,1
4303,4303,168,,8,0,8
4304,4304,168,,4,0,4
4305,4305,172,,1,0,1
4312,4312,170,,5,1,5
4313,4313,168,,1,0,1
4315,4315,168,,1,0,1
4317,4317,265,,11,1,7
4318,4318,265,,1,10,1
4322,4322,1048,,1,2,1
4324,4324,1048,,3,1,2
4325,4325,1048,,5,1,1
4326,4326,1048,,1,2,1
4328,4328,1048,,3,2,1
4329,4329,1048,,4,1,2
4330,4330,1048,,1,1,1
4332,4332,1048,,5,1,2
4333,4333,1048,,1,2,1
4337,4337,1048,,1,2,1
4339,4339,1048,,3,1,1
4340,4340,1048,,1,2,1
4342,4342,286,,3,1,3
4343,4343,286,,5,3,3
4344,4344,286,,1,3,1
4346,4346,286,,1,2,1
4347,4347,286,,3,1,2
4348,4348,286,,6,1,6
4349,4349,286,,1,1,1
4351,4351,286,,2,2,2
4352,4352,286,,2,2,1
4353,4353,286,,1,1,1
4354,4354,286,,2,0,1
4355,4355,286,,1,0,1
4356,4356,286,,5,1,1
4357,4357,270,,1,4,1
4359,4359,270,,1,2,1
4362,4362,270,,1,2,1
4367,4367,275,,1,1,1
4373,4373,275,,1,6,1
4375,4375,134,,1,0,1
4378,4378,142,,6,1,6
4379,4379,142,,2,0,2
4380,4380,142,,4,0,1
4381,4381,142,,5,1,5
4382,4382,142,,1,0,1
4384,4384,134,,5,1,5
4385,4385,152,,1,1,1
4389,4389,159,,3,2,1
4390,4390,265,,5,1,2
4391,4391,266,,4,0,4
4392,4392,265,,9,0,3
4393,4393,265,,4,2,3
4394,4394,306,,1,6,1
4399,4399,302,,4,0,1
4400,4400,302,,3,1,2
4401,4401,302,,5,1,1
4402,4402,302,,3,2,1
4403,4403,302,,3,1,1
4404,4404,302,,1,1,1
4407,4407,302,,2,1,2
4408,4408,302,,1,2,1
4410,4410,302,,2,2,1
4411,4411,302,,1,1,1
4413,4413,310,,4,1,1
4414,4414,310,,1,2,1
4417,4417,310,,1,1,1
4419,4419,310,,5,1,1
4420,4420,310,,1,2,1
4422,4422,310,,1,2,1
4424,4424,310,,17,1,17
4425,4425,301,,3,1,3
4426,4426,301,,3,3,2
4427,4427,301,,4,1,2
4428,4428,301,,6,2,6
4429,4429,302,,8,0,8
4430,4430,302,,1,1,1
4433,4433,310,,7,2,1
4434,4434,310,,4,2,2
4435,4435,310,,6,2,4
4436,4436,310,,4,3,2
4437,4437,310,,4,2,2
4438,4438,310,,4,3,1
4439,4439,310,,1,1,1
4441,4441,310,,4,2,1
4442,4442,310,,5,1,1
4443,4443,310,,4,1,1
4444,4444,310,,3,1,1
4445,4445,310,,1,2,1
4447,4447,310,,5,2,2
4448,4448,280,,1,2,1
4452,4452,276,,1,4,1
4454,4454,279,,1,4,1
4456,4456,280,,1,4,1
4459,4459,280,,4,5,1
4460,4460,280,,3,3,1
4461,4461,280,,1,2,1
4468,4468,267,,1,1,1
4470,4470,307,,1,1,1
4472,4472,317,,1,1,1
4474,4474,289,,1,2,1
4476,4476,267,,1,3,1
4479,4479,306,,7,1,4
4480,4480,306,,4,2,4
4481,4481,306,,8,0,8
4482,4482,306,,1,0,1
4486,4486,306,,1,0,1
4490,4490,336,,1,4,1
4491,4491,336,,1,1,1
4494,4494,336,,5,2,1
4495,4495,336,,1,2,1
4498,4498,336,,1,1,1
4502,4502,336,,8,2,4
4503,4503,336,,1,8,1
4505,4505,333,,1,7,1
4508,4508,279,,1,4,1
4510,4510,299,,4,1,1
4511,4511,299,,3,1,1
4512,4512,299,,2,1,1
4513,4513,299,,6,1,6
4514,4514,299,,4,0,4
4515,4515,299,,1,4,1
4517,4517,299,,4,1,2
4518,4518,305,,3,1,1
4519,4519,299,,4,2,2
4520,4520,299,,3,1,2
4521,4521,299,,5,1,5
4522,4522,299,,4,2,2
4523,4523,295,,1,1,1
4525,4525,295,,5,2,2
4526,4526,295,,4,1,4
4527,4527,292,,5,2,1
4528,4528,295,,1,2,1
4532,4532,295,,4,1,2
4533,4533,295,,2,2,2
4534,4534,295,,4,1,1
4535,4535,295,,7,2,2
4536,4536,295,,2,2,1
4537,4537,295,,3,2,2
4538,4538,295,,5,1,1
4539,4539,295,,1,1,1
4542,4542,292,,5,1,2
4543,4543,330,,7,4,1
4544,4544,330,,10,4,3
4545,4545,330,,7,2,1
4546,4546,331,,1,2,1
4551,4551,331,,1,5,1
4553,4553,331,,5,3,1
4554,4554,331,,5,2,2
4555,4555,331,,1,5,1
4557,4557,291,,5,2,3
4558,4558,291,,5,0,4
4559,4559,291,,5,2,5
4560,4560,291,,6,1,3
4561,4561,291,,4,1,2
4562,4562,289,,1,1,1
4564,4564,289,,1,2,1
4569,4569,289,,5,2,2
4570,4570,289,,1,3,1
4575,4575,289,,8,1,4
4576,4576,291,,6,1,1
4577,4577,291,,7,1,3
4578,4578,313,,2,1,2
4579,4579,313,,4,0,1
4580,4580,313,,4,1,2
4581,4581,313,,3,1,3
4582,4582,307,,5,1,5
4583,4583,262,,6,2,1
4584,4584,313,,3,2,1
4585,4585,313,,5,3,2
4586,4586,313,,6,2,1
4587,4587,313,,17,3,8
4588,4588,279,,3,5,1
4589,4589,313,,5,1,1
4590,4590,313,,1,1,1
4592,4592,313,,1,1,1
4594,4594,313,,4,1,2
4595,4595,313,,3,1,1
4596,4596,313,,2,1,1
4597,4597,314,,2,1,1
4598,4598,314,,3,1,1
4599,4599,314,,3,1,1
4600,4600,314,,5,1,2
4601,4601,314,,4,2,2
4602,4602,314,,2,1,1
4603,4603,313,,1,1,1
4606,4606,333,,3,5,1
4607,4607,308,,1,1,1
4609,4609,374,,1,2,1
4611,4611,374,,1,1,1
4613,4613,374,,5,2,1
4614,4614,368,,3,2,1
4615,4615,368,,1,3,1
4618,4618,368,,1,3,1
4620,4620,368,,3,4,1
4621,4621,368,,1,1,1
4623,4623,368,,3,1,2
4624,4624,308,,2,2,2
4625,4625,308,,4,0,1
4626,4626,374,,4,2,1
4627,4627,374,,1,1,1
4629,4629,374,,5,2,3
4630,4630,407,,6,3,4
4631,4631,404,,1,3,1
4633,4633,403,,4,2,2
4634,4634,403,,6,2,2
4635,4635,403,,5,2,1
4636,4636,403,,3,2,1
4637,4637,403,,1,2,1
4643,4643,352,,3,1,2
4644,4644,409,,1,2,1
4646,4646,409,,1,9,1
4648,4648,408,,8,5,2
4649,4649,408,,6,3,6
4650,4650,144,,1,0,1
4652,4652,144,,1,0,1
4654,4654,121,,1,5,1
4656,4656,121,,3,2,2
4657,4657,137,,6,1,6
4658,4658,137,,4,1,4
4659,4659,137,,4,1,4
4660,4660,137,,9,0,9
4661,4661,144,,1,0,1
4665,4665,137,,3,0,3
4666,4666,137,,1,0,1
4670,4670,162,,1,5,1
4673,4673,134,,10,6,10
4674,4674,134,,11,0,11
4675,4675,134,,12,0,12
4676,4676,134,,1,0,1
4678,4678,130,,4,2,2
4679,4679,130,,1,1,1
4682,4682,137,,1,1,1
4687,4687,121,,3,2,2
4688,4688,121,,5,3,1
4689,4689,121,,5,2,1
4690,4690,121,,1,2,1
4692,4692,135,,14,3,14
4693,4693,135,,7,1,7
4694,4694,135,,5,0,2
4695,4695,123,,5,3,1
4696,4696,121,,3,2,1
4697,4697,123,,1,1,1
4700,4700,148,,1,1,1
4703,4703,144,,6,0,5
4704,4704,144,,1,0,1
4707,4707,166,,2,0,2
4708,4708,166,,1,0,1
4710,4710,166,,1,0,1
4715,4715,111,,1,0,1
4717,4717,111,,1,0,1
4722,4722,24,,1,0,1
4724,4724,81,,4,0,4
4725,4725,137,,2,0,2
4726,4726,137,,4,0,1
4727,4727,454,,2,1,1
4728,4728,454,,4,1,2
4729,4729,454,,4,2,3
4730,4730,454,,2,2,1
4731,4731,454,,2,0,2
4732,4732,454,,4,0,4
4733,4733,454,,15,2,15
4734,4734,451,,1,2,1
4736,4736,451,,2,0,2
4737,4737,451,,2,0,2
4738,4738,451,,3,1,1
4739,4739,451,,2,1,2
4740,4740,451,,3,1,1
4741,4741,451,,4,0,2
4742,4742,451,,3,1,2
4743,4743,451,,2,1,2
4744,4744,451,,1,1,1
4745,4745,451,,3,0,3
4746,4746,451,,2,1,2
4747,4747,451,,1,0,1
4749,4749,451,,4,1,1
4750,4750,451,,1,1,1
4753,4753,454,,7,0,6
4754,4754,454,,2,2,2
4755,4755,454,,2,1,1
4756,4756,454,,1,1,1
4759,4759,454,,7,1,7
4760,4760,454,,3,2,2
4761,4761,454,,3,2,2
4762,4762,425,,2,1,1
4763,4763,425,,2,1,1
4764,4764,425,,4,1,1
4765,4765,425,,3,2,1
4766,4766,425,,1,1,1
4776,4776,425,,2,2,1
4777,4777,425,,4,1,1
4778,4778,425,,5,1,1
4779,4779,425,,5,2,2
4780,4780,425,,2,2,1
4781,4781,425,,1,2,1
4782,4782,425,,5,0,1
4783,4783,425,,2,2,2
4784,4784,425,,3,2,2
4785,4785,425,,5,2,3
4786,4786,425,,5,3,3
4787,4787,425,,4,2,1
4788,4788,425,,4,1,3
4789,4789,425,,4,2,1
4790,4790,425,,4,1,1
4791,4791,425,,5,1,1
4792,4792,425,,4,1,3
4793,4793,425,,1,1,1
4797,4797,528,,7,1,7
4798,4798,528,,7,0,1
4799,4799,528,,5,3,1
4800,4800,528,,4,1,4
4801,4801,528,,5,0,2
4802,4802,806,,5,3,1
4803,4803,806,,1,4,1
4809,4809,806,,1,5,1
4810,4810,806,,1,1,1
4813,4813,806,,1,2,1
4815,4815,803,,1,1,1
4816,4816,803,,1,1,1
4817,4817,803,,1,0,1
4818,4818,803,,1,1,1
4819,4819,803,,1,1,1
4820,4820,803,,1,1,1
4821,4821,803,,1,1,1
4822,4822,803,,4,1,2
4823,4823,803,,3,1,2
4824,4824,803,,1,1,1
4826,4826,803,,1,1,1
4827,4827,803,,4,1,1
4828,4828,803,,2,2,1
4829,4829,803,,3,1,1
4830,4830,803,,3,1,1
4831,4831,803,,2,1,2
4832,4832,803,,4,1,2
4833,4833,803,,1,2,1
4834,4834,803,,4,1,3
4835,4835,803,,4,0,1
4836,4836,803,,3,1,3
4837,4837,803,,1,0,1
4838,4838,803,,3,1,2
4839,4839,803,,1,0,1
4847,4847,448,,4,1,1
4848,4848,448,,1,0,1
4851,4851,448,,12,1,12
4852,4852,448,,5,0,2
4853,4853,448,,3,2,1
4854,4854,448,,3,1,2
4855,4855,448,,3,1,2
4856,4856,448,,1,1,1
4858,4858,444,,1,1,1
4860,4860,444,,3,0,1
4861,4861,444,,3,0,2
4862,4862,444,,4,0,4
4863,4863,448,,2,0,2
4864,4864,448,,6,2,2
4865,4865,448,,4,2,2
4866,4866,448,,5,1,2
4867,4867,448,,5,2,3
4868,4868,445,,3,0,3
4869,4869,444,,2,1,1
4870,4870,444,,5,0,3
4871,4871,444,,3,0,1
4872,4872,427,,3,0,3
4873,4873,444,,2,1,1
4874,4874,444,,3,0,1
4875,4875,444,,2,0,2
4876,4876,444,,1,0,1
4878,4878,444,,1,0,1
4880,4880,444,,1,0,1
4881,4881,444,,1,0,1
4882,4882,444,,2,1,2
4883,4883,444,,1,0,1
4884,4884,444,,2,1,2
4885,4885,444,,1,2,1
4887,4887,1377,,4,1,1
4888,4888,1377,,4,1,1
4889,4889,1377,,3,1,2
4890,4890,1377,,1,2,1
4891,4891,1377,,2,1,1
4892,4892,1377,,2,1,2
4893,4893,1377,,3,2,2
4894,4894,1377,,1,1,1
4896,4896,1377,,3,1,2
4897,4897,1377,,1,2,1
4898,4898,1377,,5,1,5
4899,4899,1377,,2,5,2
4900,4900,1377,,2,1,2
4901,4901,1377,,1,1,1
4902,4902,1377,,2,0,2
4903,4903,1377,,1,0,1
4905,4905,1377,,5,2,2
4906,4906,1377,,5,2,1
4907,4907,1377,,5,1,1
4908,4908,1377,,1,2,1
4910,4910,1377,,2,1,2
4911,4911,1377,,4,1,2
4912,4912,1377,,4,2,1
4913,4913,1377,,2,2,1
4914,4914,1377,,1,2,1
4915,4915,1377,,3,1,1
4916,4916,1377,,5,1,2
4917,4917,1377,,1,2,1
4929,4929,1377,,1,1,1
4931,4931,1377,,4,1,2
4932,4932,1377,,1,1,1
4933,4933,1377,,1,1,1
4935,4935,528,,5,0,2
4936,4936,525,,4,2,4
4937,4937,525,,5,0,1
4938,4938,525,,5,2,1
4939,4939,525,,1,2,1
4941,4941,807,,1,1,1
4945,4945,804,,5,5,4
4946,4946,804,,8,4,4
4947,4947,809,,1,5,1
4949,4949,807,,1,3,1
4951,4951,807,,1,2,1
4954,4954,807,,8,4,8
4955,4955,1143,,7,0,7
4956,4956,1143,,7,1,7
4957,4957,1133,,1,1,1
4968,4968,870,,1,8,1
4969,4969,870,,1,5,1
4971,4971,448,,1,0,1
4973,4973,850,,1,2,1
4974,4974,444,,1,1,1
4975,4975,444,,1,0,1
4976,4976,451,,1,0,1
4980,4980,846,,3,6,1
4981,4981,27005,,1,0,1
4982,4982,27005,,2,1,2
4983,4983,27005,,4,2,1
4984,4984,27005,,1,1,1
4987,4987,27005,,4,1,1
4988,4988,27005,,2,1,2
4989,4989,27005,,3,1,3
4990,4990,27005,,1,0,1
4991,4991,27005,,3,0,3
4992,4992,27005,,3,0,1
4993,4993,27005,,2,1,2
4994,4994,27005,,3,1,1
4995,4995,39029,,4,1,4
4996,4996,27005,,2,0,1
4997,4997,27005,,1,2,1
4999,4999,27005,,2,1,1
5000,5000,27005,,1,1,1
5002,5002,27005,,1,1,1
5003,5003,27005,,5,1,5
5004,5004,27005,,5,0,3
5005,5005,523,,1,2,1
5007,5007,526,,5,1,3
5008,5008,526,,1,4,1
5010,5010,807,,1,2,1
5014,5014,809,,6,3,2
5015,5015,807,,1,2,1
5017,5017,807,,4,3,1
5018,5018,807,,5,4,1
5019,5019,809,,1,5,1
5022,5022,809,,1,5,1
5025,5025,984,,1,2,1
5027,5027,984,,4,4,1
5028,5028,984,,9,2,1
5029,5029,984,,5,3,4
5030,5030,886,,1,6,1
5036,5036,983,,6,2,2
5037,5037,983,,14,6,5
5038,5038,983,,5,10,2
5039,5039,984,,5,1,2
5040,5040,984,,8,2,1
5041,5041,984,,3,4,1
5042,5042,984,,4,2,2
5043,5043,984,,4,6,1
5044,5044,984,,7,1,1
5045,5045,984,,6,2,2
5046,5046,984,,9,2,6
5047,5047,886,,3,7,2
5048,5048,886,,6,2,1
5049,5049,247,,1,3,1
5051,5051,239,,3,2,3
5052,5052,27007,,1,1,1
5053,5053,27007,,3,1,1
5054,5054,27007,,3,1,1
5055,5055,27007,,3,1,2
5056,5056,27007,,3,1,2
5057,5057,27007,,6,1,6
5058,5058,27007,,1,0,1
5060,5060,239,,4,1,1
5061,5061,239,,2,1,1
5062,5062,239,,4,1,1
5063,5063,239,,1,1,1
5065,5065,239,,2,4,1
5066,5066,27007,,3,1,2
5067,5067,27007,,3,1,1
5068,5068,27007,,2,1,2
5069,5069,27007,,1,1,1
5082,5082,239,,4,1,1
5083,5083,239,,1,2,1
5085,5085,239,,3,1,1
5086,5086,1415,,6,1,6
5087,5087,1415,,8,0,8
5088,5088,1415,,7,0,6
5089,5089,1415,,1,0,1
5093,5093,1030,,1,1,1
5095,5095,1030,,2,1,1
5096,5096,1030,,6,1,2
5097,5097,1030,,8,1,8
5098,5098,1030,,1,1,1
5100,5100,1030,,1,0,1
5111,5111,459,,2,0,1
5112,5112,459,,1,0,1
5113,5113,459,,4,1,4
5114,5114,459,,1,0,1
5119,5119,459,,1,0,1
5120,5120,27007,,1,0,1
5121,5121,27007,,1,0,1
5122,5122,27007,,1,1,1
5123,5123,27007,,5,0,5
5124,5124,27007,,1,1,1
5125,5125,27007,,2,1,2
5126,5126,27007,,3,0,3
5127,5127,27006,,2,1,1
5128,5128,27007,,1,0,1
5129,5129,27007,,4,0,3
5130,5130,27007,,4,1,4
5131,5131,27007,,1,4,1
5132,5132,27007,,4,0,4
5133,5133,27007,,1,4,1
5135,5135,27007,,4,1,4
5136,5136,27007,,3,0,1
5137,5137,27007,,5,1,4
5138,5138,27007,,4,0,4
5139,5139,27007,,4,0,4
5140,5140,27007,,4,1,4
5141,5141,27007,,3,0,1
5142,5142,27008,,2,0,1
5143,5143,27008,,3,0,1
5144,5144,27008,,2,0,1
5145,5145,27008,,3,0,2
5146,5146,27008,,3,0,1
5147,5147,27008,,4,0,4
5148,5148,27008,,4,0,1
5149,5149,27008,,4,0,1
5150,5150,27008,,2,1,1
5151,5151,27008,,2,0,1
5152,5152,27008,,4,0,2
5153,5153,27008,,6,0,6
5154,5154,27008,,3,2,3
5155,5155,27008,,1,0,1
5164,5164,1037,,4,3,4
5165,5165,1037,,6,0,6
5166,5166,1037,,5,0,5
5167,5167,1037,,5,0,5
5168,5168,1037,,4,0,4
5169,5169,1037,,1,0,1
5172,5172,1037,,7,0,7
5173,5173,1037,,4,3,4
5174,5174,1037,,3,4,3
5175,5175,1037,,5,0,5
5176,5176,1037,,5,0,5
5177,5177,1037,,5,0,5
5178,5178,1037,,5,0,4
5179,5179,1037,,5,2,5
5180,5180,1037,,5,0,5
5181,5181,1037,,5,0,5
5182,5182,1037,,5,0,5
5183,5183,1037,,5,0,5
5184,5184,1037,,7,0,7
5185,5185,1037,,10,0,10
5186,5186,1037,,1,0,1
5188,5188,1038,,4,0,1
5189,5189,18007,,3,2,1
5190,5190,18007,,5,2,2
5191,5191,18007,,3,2,1
5192,5192,18007,,4,3,1
5193,5193,18007,,1,2,1
5194,5194,18006,,3,1,2
5195,5195,18006,,4,2,2
5196,5196,18007,,2,2,2
5197,5197,18006,,5,1,1
5198,5198,18006,,4,1,2
5199,5199,18007,,4,2,1
5200,5200,289,,2,1,2
5201,5201,289,,3,1,1
5202,5202,289,,4,1,3
5203,5203,289,,1,1,1
5205,5205,289,,3,1,1
5206,5206,289,,1,0,1
5207,5207,289,,3,1,3
5208,5208,289,,4,2,1
5209,5209,289,,1,1,1
5210,5210,289,,2,1,2
5211,5211,265,,3,0,3
5212,5212,265,,1,1,1
5219,5219,85,,3,0,1
5220,5220,86,,7,0,6
5221,5221,86,,2,0,2
5222,5222,85,,1,1,1
5224,5224,1523,,1,1,1
5225,5225,1523,,2,1,2
5226,5226,1523,,2,0,2
5227,5227,1523,,2,1,1
5228,5228,1523,,2,1,2
5229,5229,1523,,1,2,1
5231,5231,1525,,5,2,1
5232,5232,1525,,1,2,1
5235,5235,48,,4,0,4
5236,5236,48,,4,0,1
5237,5237,48,,7,0,7
5238,5238,48,,7,0,7
5239,5239,48,,3,0,1
5240,5240,18006,,2,1,1
5241,5241,18006,,3,1,1
5242,5242,18006,,9,1,9
5243,5243,145,,10,1,10
5244,5244,145,,4,0,2
5245,5245,145,,1,0,1
5246,5246,145,,4,0,4
5247,5247,145,,1,2,1
5250,5250,145,,3,0,2
5251,5251,145,,6,0,6
5252,5252,145,,7,1,7
5253,5253,145,,4,0,1
5254,5254,48,,6,1,1
5255,5255,48,,6,2,6
5256,5256,48,,6,1,6
5257,5257,48,,1,0,1
5259,5259,31,,1,0,1
5261,5261,31,,1,0,1
5267,5267,115,,3,3,3
5268,5268,115,,4,3,2
5269,5269,115,,2,2,1
5270,5270,166,,1,3,1
5272,5272,166,,1,1,1
5274,5274,165,,5,1,3
5275,5275,165,,1,2,1
5282,5282,39,,11,1,11
5283,5283,39,,4,0,1
5284,5284,39,,1,2,1
5286,5286,71,,5,0,5
5287,5287,71,,5,0,5
5288,5288,71,,8,0,8
5289,5289,31,,6,0,6
5290,5290,31,,6,0,5
5291,5291,30,,5,0,5
5292,5292,31,,4,0,1
5293,5293,71,,15,0,15
5294,5294,71,,4,0,2
5295,5295,78,,2,0,2
5296,5296,78,,6,0,6
5297,5297,48,,10,0,10
5298,5298,71,,1,1,1
5301,5301,39,,5,2,2
5302,5302,39,,4,3,1
5303,5303,39,,1,1,1
5305,5305,289,,4,1,1
5306,5306,289,,2,1,2
5307,5307,289,,1,1,1
5310,5310,289,,1,2,1
5319,5319,289,,1,1,1
5321,5321,289,,4,1,2
5322,5322,265,,2,1,1
5323,5323,265,,5,1,1
5324,5324,265,,1,2,1
5329,5329,1436,,1,1,1
5333,5333,25,,6,0,6
5334,5334,1436,,1,0,1
5335,5335,1436,,3,0,2
5336,5336,1436,,7,1,2
5337,5337,1436,,1,2,1
5342,5342,170,,7,1,7
5343,5343,170,,2,0,1
5344,5344,170,,2,0,2
5345,5345,170,,4,0,4
5346,5346,170,,7,0,7
5347,5347,170,,5,0,2
5348,5348,168,,5,1,5
5349,5349,168,,10,3,7
5350,5350,168,,8,1,2
5351,5351,168,,5,2,1
5352,5352,168,,5,2,1
5353,5353,168,,1,1,1
5361,5361,289,,3,1,2
5362,5362,289,,7,1,4
5363,5363,37,,1,2,1
5365,5365,37,,10,0,7
5366,5366,331,,6,3,2
5367,5367,270,,5,3,2
5368,5368,270,,2,4,1
5369,5369,333,,1,3,1
5372,5372,292,,2,0,2
5373,5373,292,,2,0,1
5374,5374,292,,1,1,1
5376,5376,292,,1,0,1
5377,5377,292,,3,0,1
5378,5378,292,,3,0,1
5379,5379,292,,5,0,1
5380,5380,270,,10,2,10
5381,5381,292,,10,0,3
5382,5382,280,,1,6,1
5384,5384,528,,4,0,1
5385,5385,528,,1,1,1
5387,5387,528,,1,1,1
5389,5389,459,,1,1,1
5392,5392,528,,5,0,2
5393,5393,528,,1,1,1
5395,5395,459,,1,0,1
5397,5397,459,,1,0,1
5404,5404,27010,,2,1,1
5405,5405,27016,,3,1,2
5406,5406,27020,,1,1,1
5407,5407,27016,,1,1,1
5409,5409,27010,,4,2,1
5410,5410,27010,,3,1,1
5411,5411,801,,9,2,9
5412,5412,801,,4,2,1
5413,5413,801,,5,2,1
5414,5414,801,,4,1,4
5415,5415,27008,,4,4,4
5416,5416,27008,,6,4,4
5417,5417,27010,,3,3,3
5418,5418,27008,,3,0,3
5419,5419,801,,1,1,1
5428,5428,29,,5,1,4
5429,5429,29,,1,0,1
5431,5431,29,,9,0,9
5432,5432,28,,1,2,1
5434,5434,28,,8,0,8
5435,5435,28,,5,0,5
5436,5436,27,,6,0,6
5437,5437,27,,7,1,6
5438,5438,27,,7,0,2
5439,5439,27,,4,2,1
5440,5440,27,,3,1,2
5441,5441,27,,5,0,3
5442,5442,27,,3,1,1
5443,5443,29,,1,1,1
5456,5456,333,,1,5,1
5459,5459,348,,1,1,1
5461,5461,18020,,3,2,3
5462,5462,18020,,4,3,2
5463,5463,18020,,3,2,2
5464,5464,18020,,4,2,1
5465,5465,18020,,2,3,2
5466,5466,18020,,4,2,1
5467,5467,451,,2,2,1
5468,5468,451,,4,1,3
5469,5469,451,,3,2,3
5470,5470,427,,5,0,2
5471,5471,451,,1,2,1
5476,5476,18020,,3,2,2
5477,5477,18020,,3,1,1
5478,5478,18020,,4,2,1
5479,5479,18020,,2,1,2
5480,5480,18020,,4,2,2
5481,5481,18020,,2,2,2
5482,5482,18020,,6,1,2
5483,5483,18020,,3,2,3
5484,5484,18020,,2,2,1
5485,5485,18020,,4,2,2
5486,5486,18020,,5,2,3
5487,5487,18020,,3,2,2
5488,5488,39,,4,1,1
5489,5489,39,,3,2,2
5490,5490,39,,1,3,1
5493,5493,18048,,5,3,1
5494,5494,18048,,1,2,1
5496,5496,18048,,4,2,1
5497,5497,18048,,3,2,1
5498,5498,18048,,2,2,1
5499,5499,18048,,1,2,1
5504,5504,18053,,4,2,4
5505,5505,18053,,5,4,2
5506,5506,18053,,4,2,1
5507,5507,18053,,2,1,1
5508,5508,18053,,2,1,2
5509,5509,18053,,1,1,1
5510,5510,18053,,2,1,1
5511,5511,18053,,2,1,1
5512,5512,18053,,2,1,2
5513,5513,18053,,2,2,2
5514,5514,18053,,2,2,1
5515,5515,18053,,2,2,1
5516,5516,18053,,4,1,1
5517,5517,18053,,3,1,2
5518,5518,18053,,2,1,1
5519,5519,18053,,4,0,1
5520,5520,18053,,5,2,2
5521,5521,18053,,1,2,1
5523,5523,379,,3,3,2
5524,5524,379,,4,3,2
5525,5525,18055,,1,2,1
5530,5530,18044,,1,1,1
5531,5531,18044,,2,1,1
5532,5532,18044,,1,1,1
5533,5533,18044,,4,1,1
5534,5534,18044,,5,1,5
5535,5535,18044,,2,0,2
5536,5536,18044,,2,2,1
5537,5537,18044,,4,0,2
5538,5538,18044,,2,1,2
5539,5539,18044,,2,2,2
5540,5540,18044,,2,2,2
5541,5541,18044,,2,1,2
5542,5542,18044,,1,2,1
5543,5543,18044,,2,1,2
5544,5544,18044,,2,2,2
5545,5545,18044,,5,2,3
5546,5546,385,,6,4,2
5547,5547,385,,6,3,2
5548,5548,385,,3,2,1
5549,5549,36002,,3,2,1
5550,5550,36002,,2,2,2
5551,5551,36002,,2,2,2
5552,5552,36002,,1,2,1
5558,5558,374,,1,5,1
5560,5560,403,,10,2,6
5561,5561,374,,1,9,1
8002,8002,781,,4,0,4
8003,8003,781,,3,1,3
8004,8004,727,,4,0,4
8005,8005,727,,2,1,2
8006,8006,781,,1,1,1
8008,8008,781,,1,0,1
8010,8010,781,,1,1,1
8011,8011,781,,2,1,2
8012,8012,781,,2,1,2
8013,8013,732,,4,1,4
8014,8014,781,,4,0,4
8015,8015,781,,1,0,1
8017,8017,781,,4,0,4
8018,8018,781,,1,0,1
8019,8019,732,,4,1,4
8020,8020,781,,4,0,4
8021,8021,781,,4,0,4
8022,8022,732,,4,0,4
8023,8023,781,,2,0,2
8024,8024,781,,4,0,4
8025,8025,732,,1,0,1
8026,8026,732,,1,1,1
8032,8032,781,,2,0,2
8033,8033,732,,1,0,1
8035,8035,734,,1,0,1
8037,8037,734,,4,0,4
8038,8038,734,,1,0,1
8039,8039,734,,2,0,2
8040,8040,734,,3,1,3
8041,8041,734,,1,1,1
8042,8042,734,,1,0,1
8044,8044,734,,2,0,2
8045,8045,734,,4,0,4
8046,8046,734,,4,0,4
8047,8047,734,,4,0,4
8048,8048,734,,4,0,4
8049,8049,734,,4,0,4
8050,8050,734,,3,0,3
8051,8051,734,,3,0,3
8052,8052,734,,3,0,3
8053,8053,734,,3,0,3
8054,8054,734,,3,0,3
8055,8055,734,,4,0,4
8056,8056,734,,2,0,2
8057,8057,734,,2,0,2
8058,8058,734,,3,0,3
8059,8059,734,,6,0,6
8060,8060,734,,3,0,3
8061,8061,734,,4,0,4
8062,8062,734,,4,0,4
8063,8063,734,,4,0,4
8064,8064,734,,4,0,4
8065,8065,734,,4,0,4
8066,8066,735,,4,0,4
8067,8067,735,,4,0,4
8068,8068,734,,3,0,3
8069,8069,734,,4,0,4
8070,8070,734,,4,0,4
8071,8071,734,,4,0,4
8072,8072,734,,4,0,4
8073,8073,734,,2,0,2
8074,8074,734,,4,0,4
8075,8075,734,,2,0,2
8076,8076,734,,4,0,4
8077,8077,734,,1,0,1
8085,8085,781,,1,0,1
8087,8087,781,,4,0,4
8088,8088,781,,4,0,4
8089,8089,781,,1,0,1
8090,8090,781,,4,0,4
8091,8091,781,,1,1,1
8093,8093,781,,4,1,4
8094,8094,781,,2,1,2
8095,8095,781,,4,1,4
8096,8096,781,,4,0,4
8097,8097,781,,1,0,1
8099,8099,781,,2,0,2
8100,8100,779,,2,0,2
8101,8101,781,,2,1,2
8102,8102,781,,3,1,3
8103,8103,779,,1,0,1
8105,8105,779,,4,5,4
8106,8106,781,,1,0,1
8108,8108,785,,3,0,3
8109,8109,781,,3,0,3
8110,8110,781,,7,0,7
8111,8111,781,,1,2,1
8112,8112,781,,1,0,1
8113,8113,779,,1,0,1
8114,8114,779,,3,0,3
8115,8115,781,,1,0,1
8117,8117,781,,2,0,2
8118,8118,781,,3,0,3
8119,8119,781,,2,0,2
8120,8120,781,,3,1,3
8121,8121,732,,3,1,3
8122,8122,781,,3,0,3
8123,8123,781,,1,0,1
8124,8124,781,,2,0,2
8125,8125,781,,2,0,2
8126,8126,781,,1,0,1
8128,8128,781,,1,0,1
8129,8129,781,,3,0,3
8130,8130,781,,3,1,3
8131,8131,781,,2,0,2
8132,8132,781,,3,1,3
8133,8133,781,,4,0,4
8134,8134,784,,4,0,4
8135,8135,781,,1,0,1
8140,8140,978,,1,0,1
8142,8142,781,,4,0,4
8143,8143,781,,6,0,6
8144,8144,725,,6,1,6
8145,8145,727,,2,0,2
8146,8146,781,,1,0,1
8147,8147,781,,2,0,2
8148,8148,781,,1,0,1
8149,8149,781,,1,0,1
8150,8150,781,,2,0,2
8151,8151,781,,1,0,1
8152,8152,781,,2,0,2
8153,8153,781,,2,0,2
8154,8154,781,,2,0,2
8155,8155,781,,2,0,2
8156,8156,781,,4,1,4
8157,8157,781,,6,0,6
8158,8158,781,,6,0,6
8159,8159,781,,2,1,2
8160,8160,781,,2,0,2
8161,8161,781,,4,0,4
8162,8162,779,,3,0,3
8163,8163,781,,1,0,1
8164,8164,781,,2,0,2
8165,8165,781,,4,0,4
8166,8166,781,,4,0,4
8167,8167,781,,4,0,4
8168,8168,781,,4,1,4
8169,8169,781,,1,0,1
8171,8171,725,,2,2,2
8172,8172,781,,1,0,1
8173,8173,781,,1,0,1
8174,8174,781,,2,0,2
8175,8175,781,,2,0,2
8176,8176,781,,3,0,3
8177,8177,731,,3,0,3
8178,8178,731,,3,0,3
8179,8179,778,,1,0,1
8181,8181,781,,2,0,2
8182,8182,781,,1,0,1
8184,8184,779,,3,0,3
8185,8185,781,,3,0,3
8186,8186,781,,2,0,2
8187,8187,781,,2,0,2
8188,8188,781,,3,0,3
8189,8189,781,,4,0,4
8190,8190,781,,3,0,3
8191,8191,781,,1,0,1
8192,8192,781,,2,0,2
8193,8193,781,,1,0,1
8194,8194,781,,4,0,4
8195,8195,781,,4,0,4
8196,8196,781,,3,0,3
8197,8197,781,,1,0,1
8199,8199,781,,2,0,2
8200,8200,781,,1,0,1
8201,8201,781,,2,0,2
8202,8202,781,,2,0,2
8203,8203,781,,1,0,1
8208,8208,781,,2,0,2
8209,8209,781,,2,0,2
8210,8210,781,,3,0,3
8211,8211,734,,4,0,4
8212,8212,734,,3,0,3
8213,8213,734,,3,0,3
8214,8214,734,,3,0,3
8215,8215,734,,2,0,2
8216,8216,734,,1,0,1
8217,8217,734,,1,0,1
8219,8219,734,,4,1,4
8220,8220,734,,3,1,3
8221,8221,734,,3,0,3
8222,8222,734,,2,1,2
8223,8223,734,,1,0,1
8225,8225,734,,1,0,1
8226,8226,734,,1,0,1
8228,8228,734,,2,0,2
8229,8229,734,,1,0,1
8231,8231,734,,4,0,4
8232,8232,734,,4,0,4
8233,8233,734,,4,0,4
8234,8234,734,,1,0,1
8235,8235,734,,5,0,5
8236,8236,734,,3,0,3
8237,8237,734,,2,0,2
8238,8238,734,,3,0,3
8239,8239,734,,1,0,1
8240,8240,734,,3,0,3
8241,8241,734,,2,0,2
8242,8242,734,,2,0,2
8243,8243,734,,3,0,3
8244,8244,734,,3,1,3
8245,8245,734,,3,0,3
8246,8246,734,,2,0,2
8247,8247,734,,1,0,1
8249,8249,734,,4,0,3
8250,8250,734,,1,0,1
8251,8251,734,,5,0,5
8252,8252,734,,2,0,2
8253,8253,734,,2,0,2
8254,8254,734,,1,0,1
8256,8256,734,,3,0,3
8257,8257,734,,5,0,5
8258,8258,734,,3,0,2
8259,8259,734,,4,0,4
8260,8260,734,,2,0,2
8261,8261,734,,4,0,4
8262,8262,734,,2,0,2
8263,8263,734,,1,0,1
8264,8264,734,,1,0,1
8266,8266,734,,4,0,4
8267,8267,734,,3,0,3
8268,8268,734,,4,0,4
8269,8269,734,,5,0,5
8270,8270,734,,2,0,2
8271,8271,734,,1,0,1
8272,8272,734,,4,0,1
8273,8273,734,,2,0,2
8274,8274,734,,1,0,1
8275,8275,734,,1,0,1
8276,8276,734,,1,0,1
8277,8277,734,,3,0,3
8278,8278,734,,4,0,4
8279,8279,734,,2,0,2
8280,8280,734,,1,0,1
8282,8282,734,,3,0,3
8283,8283,734,,3,0,3
8284,8284,734,,4,0,4
8285,8285,734,,6,0,6
8286,8286,734,,3,0,3
8287,8287,734,,4,0,1
8288,8288,734,,2,0,2
8289,8289,734,,4,0,2
8290,8290,734,,2,0,2
8291,8291,734,,3,0,3
8292,8292,734,,2,0,2
8293,8293,734,,4,0,4
8294,8294,734,,5,0,5
8295,8295,734,,1,1,1
8296,8296,734,,3,1,1
8297,8297,734,,3,1,3
8298,8298,734,,2,0,2
8299,8299,734,,2,0,2
8300,8300,734,,4,0,4
8301,8301,734,,2,0,2
8302,8302,734,,4,0,4
8303,8303,734,,3,0,3
8304,8304,734,,4,1,4
8305,8305,734,,3,0,3
8306,8306,734,,4,0,4
8307,8307,734,,3,0,3
8308,8308,734,,4,0,4
8309,8309,734,,4,0,4
8310,8310,734,,1,0,1
8313,8313,781,,4,0,4
8314,8314,734,,2,0,1
8315,8315,734,,1,0,1
8317,8317,734,,4,0,4
8318,8318,734,,1,0,1
8320,8320,734,,5,0,5
8321,8321,732,,8,0,8
8322,8322,732,,2,0,2
8323,8323,732,,4,0,4
8324,8324,732,,4,1,4
8325,8325,732,,4,0,4
8326,8326,732,,2,0,2
8327,8327,732,,1,0,1
8328,8328,785,,9,0,9
8329,8329,785,,1,0,1
8330,8330,677,,1,0,1
8331,8331,677,,1,0,1
8332,8332,677,,1,0,1
8333,8333,716,,1,0,1
8334,8334,732,,1,0,1
8337,8337,732,,2,0,2
8338,8338,732,,4,0,4
8339,8339,732,,3,0,3
8340,8340,803,,2,0,2
8341,8341,732,,6,0,6
8342,8342,732,,2,0,2
8343,8343,784,,3,0,3
8344,8344,784,,3,1,3
8345,8345,784,,2,0,2
8346,8346,784,,4,0,4
8347,8347,784,,4,0,4
8348,8348,784,,1,0,1
8349,8349,781,,1,0,1
8350,8350,777,,1,0,1
8351,8351,777,,1,0,1
8352,8352,777,,1,0,1
8353,8353,779,,1,0,1
8354,8354,731,,1,0,1
8355,8355,777,,1,0,1
8356,8356,731,,1,0,1
8357,8357,777,,1,0,1
8358,8358,779,,3,0,3
8359,8359,731,,2,0,2
8360,8360,732,,1,0,1
8361,8361,200,,2,0,2
8362,8362,350,,1,0,1
8375,8375,781,,1,0,1
8376,8376,730,,2,1,1
8377,8377,779,,3,0,1
8378,8378,779,,2,0,1
8379,8379,779,,4,0,1
8380,8380,731,,1,0,1
8381,8381,731,,1,0,1
8382,8382,731,,1,0,1
8383,8383,724,,1,0,1
8384,8384,724,,1,0,1
8385,8385,724,,1,0,1
8386,8386,724,,1,0,1
8387,8387,731,,1,0,1
8388,8388,731,,1,0,1
8389,8389,724,,1,0,1
8390,8390,724,,3,0,3
8391,8391,731,,3,0,3
8392,8392,724,,3,0,3
8393,8393,302,,2,1,2
8394,8394,6001,,1,0,1
8397,8397,732,,4,0,4
8398,8398,732,,2,0,2
8399,8399,732,,2,0,2
8400,8400,732,,4,0,4
8401,8401,732,,1,0,1
8403,8403,779,,1,1,1
8404,8404,779,,1,0,1
8405,8405,779,,1,0,1
8406,8406,779,,1,0,1
8407,8407,779,,1,0,1
8408,8408,779,,1,0,1
8409,8409,779,,1,0,1
8410,8410,779,,1,0,1
8411,8411,779,,1,0,1
8413,8413,779,,2,0,2
8414,8414,779,,2,0,2
8415,8415,303,,1,0,1
8423,8423,784,,4,0,4
8424,8424,784,,1,2,1
8427,8427,784,,1,0,1
8438,8438,784,,6,0,6
8439,8439,784,,6,0,6
8440,8440,784,,3,0,3
8441,8441,730,,1,1,1
8443,8443,730,,1,0,1
8445,8445,726,,4,0,4
8446,8446,731,,5,0,5
8447,8447,731,,1,0,1
8462,8462,785,,1,0,1
8465,8465,302,,1,0,1
8473,8473,780,,6,0,6
8474,8474,780,,4,0,4
8475,8475,780,,4,0,4
8476,8476,780,,6,0,6
8477,8477,780,,1,0,1
8483,8483,791,,2,0,2
8484,8484,789,,3,0,3
8485,8485,789,,3,0,3
8486,8486,789,,1,0,1
8488,8488,789,,5,0,5
8489,8489,732,,6,0,6
8490,8490,732,,2,0,2
8491,8491,27006,,1,0,1
8492,8492,732,,4,0,4
8493,8493,732,,4,0,4
8494,8494,689,,3,0,3
8495,8495,732,,5,0,5
8496,8496,732,,7,0,7
8497,8497,732,,6,1,6
8498,8498,732,,5,1,5
8499,8499,732,,6,0,6
8500,8500,732,,6,0,6
8501,8501,732,,1,0,1
8503,8503,200,,2,0,2
8504,8504,39043,,3,0,3
8505,8505,39043,,1,0,1
8508,8508,39043,,1,0,1
8509,8509,39043,,5,0,1
8510,8510,737,,3,0,3
8511,8511,777,,3,1,3
8512,8512,731,,1,0,1
8514,8514,737,,2,0,2
8515,8515,784,,2,0,2
8516,8516,784,,1,0,1
8529,8529,784,,3,0,3
8530,8530,784,,4,2,4
8531,8531,784,,6,1,6
8532,8532,343,,5,0,5
8533,8533,343,,4,0,4
8534,8534,343,,6,0,6
8535,8535,343,,1,0,1
8538,8538,331,,3,0,3
8539,8539,331,,4,0,4
8540,8540,331,,4,0,4
8541,8541,331,,6,0,6
8542,8542,331,,4,0,4
8543,8543,343,,4,0,4
8544,8544,343,,4,0,4
8545,8545,345,,1,0,1
8546,8546,345,,6,1,6
8547,8547,343,,5,0,5
8548,8548,343,,4,0,4
8549,8549,343,,4,0,4
8550,8550,343,,4,0,4
8551,8551,3,,4,0,4
8552,8552,343,,1,0,1
8554,8554,343,,2,0,2
8555,8555,342,,2,0,2
8556,8556,342,,2,0,2
8557,8557,342,,2,0,2
8558,8558,342,,1,0,1
8559,8559,343,,1,0,1
8562,8562,343,,3,0,3
8563,8563,326,,4,0,4
8564,8564,410,,2,0,2
8565,8565,410,,4,1,4
8566,8566,343,,2,0,2
8567,8567,343,,4,0,4
8568,8568,343,,4,0,4
8569,8569,343,,4,0,4
8570,8570,344,,3,0,3
8571,8571,344,,4,0,4
8572,8572,344,,4,0,4
8573,8573,343,,3,0,3
8574,8574,343,,4,0,4
8575,8575,343,,4,0,4
8576,8576,343,,4,0,4
8577,8577,343,,2,0,2
8578,8578,343,,4,0,4
8579,8579,342,,4,0,4
8580,8580,341,,4,0,4
8581,8581,341,,2,0,2
8582,8582,342,,3,0,3
8583,8583,340,,4,0,4
8584,8584,343,,4,0,4
8585,8585,343,,1,0,1
8587,8587,343,,1,0,1
8589,8589,343,,1,0,1
8591,8591,344,,4,0,4
8592,8592,344,,4,0,4
8593,8593,344,,4,0,4
8594,8594,344,,3,0,3
8595,8595,344,,4,0,4
8596,8596,344,,2,0,2
8597,8597,341,,1,0,1
8600,8600,341,,3,0,3
8601,8601,341,,4,0,4
8602,8602,341,,1,0,1
8614,8614,342,,1,0,1
8616,8616,342,,2,0,2
8617,8617,342,,4,0,4
8618,8618,342,,1,0,1
8620,8620,343,,6,1,6
8621,8621,600,,3,0,3
8622,8622,343,,4,0,4
8623,8623,342,,1,0,1
8625,8625,342,,4,0,4
8626,8626,342,,4,0,4
8627,8627,342,,4,0,4
8628,8628,342,,4,0,4
8629,8629,342,,1,0,1
8632,8632,342,,6,0,6
8633,8633,342,,1,0,1
8635,8635,340,,3,0,3
8636,8636,340,,3,0,3
8637,8637,340,,3,0,3
8638,8638,340,,5,0,5
8639,8639,340,,6,0,6
8640,8640,342,,3,0,3
8641,8641,342,,8,0,8
8642,8642,342,,1,0,1
8644,8644,338,,4,0,4
8645,8645,340,,3,0,3
8646,8646,340,,3,0,3
8647,8647,340,,1,0,1
8650,8650,344,,2,0,2
8651,8651,344,,3,0,3
8652,8652,344,,3,0,3
8653,8653,344,,1,2,1
8660,8660,343,,4,0,4
8661,8661,343,,4,0,4
8662,8662,343,,4,0,4
8663,8663,343,,4,0,4
8664,8664,343,,4,0,4
8665,8665,343,,2,0,2
8666,8666,340,,6,0,6
8667,8667,340,,4,0,4
8668,8668,340,,3,0,3
8669,8669,344,,4,0,4
8670,8670,344,,1,0,1
8672,8672,344,,1,1,1
8674,8674,344,,2,0,2
8675,8675,344,,6,0,6
8676,8676,841,,3,0,3
8677,8677,841,,1,3,1
8679,8679,341,,4,0,4
8680,8680,341,,4,0,4
8681,8681,344,,4,0,4
8682,8682,341,,3,0,3
8683,8683,344,,4,0,4
8684,8684,344,,1,0,1
8688,8688,342,,6,0,6
8689,8689,342,,4,0,4
8690,8690,342,,3,0,3
8691,8691,342,,4,0,4
8692,8692,342,,4,0,4
8693,8693,342,,4,0,4
8694,8694,342,,3,0,3
8695,8695,342,,4,0,4
8696,8696,342,,3,0,3
8697,8697,342,,4,0,4
8698,8698,342,,4,0,4
8699,8699,342,,3,0,3
8700,8700,342,,4,0,4
8701,8701,225,,4,0,4
8702,8702,340,,2,0,2
8703,8703,342,,1,0,1
8705,8705,855,,4,0,4
8706,8706,854,,3,0,3
8707,8707,855,,6,0,6
8708,8708,342,,3,0,3
8709,8709,342,,4,0,4
8710,8710,342,,5,0,5
8711,8711,342,,3,0,3
8712,8712,342,,4,0,4
8713,8713,342,,5,0,5
8714,8714,342,,7,0,7
8715,8715,841,,3,0,3
8716,8716,841,,8,0,8
8717,8717,841,,1,0,1
8720,8720,343,,4,0,4
8721,8721,343,,4,0,4
8722,8722,343,,4,0,4
8723,8723,343,,1,0,1
8726,8726,344,,3,1,3
8727,8727,344,,1,0,1
8729,8729,342,,1,0,1
8735,8735,894,,6,0,6
8736,8736,894,,1,0,1
8738,8738,894,,6,0,5
8739,8739,1352,,7,0,7
8740,8740,894,,6,0,6
8741,8741,894,,6,0,6
8742,8742,894,,6,0,6
8743,8743,894,,6,0,6
8744,8744,894,,6,0,6
8745,8745,894,,5,0,5
8746,8746,894,,6,0,6
8747,8747,894,,8,0,8
8748,8748,894,,6,0,6
8749,8749,894,,6,0,5
8750,8750,1352,,7,0,7
8751,8751,894,,6,0,6
8752,8752,894,,6,0,6
8753,8753,894,,6,0,5
8754,8754,894,,4,0,4
8755,8755,894,,6,0,6
8756,8756,894,,6,0,6
8757,8757,894,,1,0,1
8759,8759,894,,6,0,6
8760,8760,894,,6,0,6
8761,8761,894,,8,0,8
8762,8762,1345,,8,0,8
8763,8763,1345,,4,0,4
8764,8764,1345,,8,0,8
8765,8765,1345,,8,0,8
8766,8766,1345,,4,0,4
8767,8767,1345,,6,0,6
8768,8768,1345,,6,0,6
8769,8769,1345,,8,0,8
8770,8770,1345,,6,0,6
8771,8771,1343,,4,0,4
8772,8772,1343,,5,0,5
8773,8773,1343,,1,0,1
8782,8782,1345,,1,0,1
